,broker,count,bamount,bcount,samount,scount,top3
0,中国中投证券有限责任公司深圳深南大道证券营业部,2,190.36,2,0.0,0,"凯撒旅游,拉夏贝尔"
1,招商证券股份有限公司北京建国路证券营业部,5,2209.41,2,2564.68,3,"创业黑马,紫光国芯,天玑科技,"
2,平安证券股份有限公司芜湖江北证券营业部,3,595.06,2,1.61,1,"赛隆药业,电工合金,拉夏贝尔"
3,上海证券有限责任公司南桥证券营业部,1,0.0,0,1.61,1,拉夏贝尔
4,中国中投证券有限责任公司深圳坪山和平路证券营业部,2,1541.36,1,2060.44,1,韦尔股份
5,财富证券有限责任公司温州车站大道证券营业部,3,1374.48,1,480.87,2,"韩建河山,建研院,台华新材"
6,中泰证券股份有限公司绍兴环城北路证券营业部,3,241.33,2,343.68,1,"蓝黛传动,傲农生物,英飞特"
7,财富证券有限责任公司天津烟台道证券营业部,1,1196.79,1,0.0,0,京能置业
8,中信证券股份有限公司上海溧阳路证券营业部,9,18533.91,5,4207.89,4,"士兰微,启迪设计,海马汽车,"
9,爱建证券有限责任公司重庆火炬大道证券营业部,3,542.62,2,569.8,1,"天宇股份,傲农生物"
10,中信建投证券股份有限公司广州市黄埔东路证券营业部,1,1055.34,1,0.0,0,京能置业
11,华福证券有限责任公司厦门分公司,1,624.35,1,0.0,0,韩建河山
12,海通证券股份有限公司齐齐哈尔和平路证券营业部,1,3.34,1,0.0,0,傲农生物
13,渤海证券股份有限公司天津开发区第二大街证券营业部,1,469.18,1,0.0,0,京能置业
14,中信建投证券股份有限公司厦门观日路证券营业部,1,0.0,0,151.71,1,韦尔股份
15,招商证券股份有限公司厦门湖滨东路证券营业部,1,535.0,1,0.0,0,韩建河山
16,平安证券股份有限公司四川分公司,1,394.15,1,0.0,0,京能置业
17,华泰证券股份有限公司梧州西堤三路证券营业部,2,0.0,0,53.49,2,"辰欣药业,韦尔股份"
18,平安证券股份有限公司深圳深南东路罗湖商务中心证券营业部,24,3462.37,8,5996.91,16,"赛隆药业,创业黑马,韩建河山,"
19,广发证券股份有限公司汕头梅溪东路证券营业部,1,372.92,1,0.0,0,京能置业
20,东方证券股份有限公司沈阳长江南街证券营业部,1,0.0,0,48.78,1,韦尔股份
21,大通证券股份有限公司沈阳大西路证券营业部,1,294.69,1,0.0,0,韩建河山
22,西藏东方财富证券股份有限公司拉萨金珠西路第二证券营业部,16,5083.87,10,1950.8,6,"建研院,广东骏亚,英派斯,"
23,中信证券股份有限公司上海漕溪北路证券营业部,16,19208.94,12,4074.31,4,"北纬科技,恒信东方,银江股份,"
24,五矿证券有限公司北京广安门外大街证券营业部,1,0.0,0,42.93,1,韦尔股份
25,华福证券有限责任公司泉州分公司,1,0.0,0,667.89,1,韩建河山
26,国泰君安证券股份有限公司上海福山路证券营业部,4,2252.57,2,1381.32,2,"安凯客车,达安股份,傲农生物"
27,国泰君安证券股份有限公司仙居酒坊巷证券营业部,4,378.8,3,968.92,1,"华录百纳,京能置业"
28,中信证券股份有限公司北京中关村大街证券营业部,1,0.0,0,517.95,1,韩建河山
29,华西证券股份有限公司成都东一环路证券营业部,1,0.0,0,0.84,1,傲农生物
30,华泰证券股份有限公司北京雍和宫证券营业部,2,0.0,0,1334.77,2,"卫宁健康,京能置业"
31,中国银河证券股份有限公司厦门虎园路证券营业部,1,0.0,0,355.74,1,韩建河山
32,华泰证券股份有限公司北京广渠门内大街证券营业部,2,966.21,1,848.11,1,"岱勒新材,京能置业"
33,湘财证券股份有限公司上海陆家嘴证券营业部,12,4409.74,6,4355.23,6,"梅轮电梯,建研院,畅联股份,"
34,华鑫证券有限责任公司常州晋陵中路证券营业部,4,496.9,1,3961.69,3,"启迪设计,武汉凡谷,京能置业,"
35,东方证券股份有限公司厦门仙岳路证券营业部,2,0.0,0,2247.29,2,"梦网集团,韩建河山"
36,财富证券有限责任公司杭州庆春路证券营业部,14,3941.98,8,2922.39,6,"京天利,梅轮电梯,启迪设计,"
37,平安证券股份有限公司浙江分公司,9,5150.71,6,5848.96,3,"盐津铺子,安凯客车,武汉凡谷,"
38,华泰证券股份有限公司宁波柳汀街证券营业部,2,386.64,1,5118.25,1,"白云电器,京东方A"
39,广发证券股份有限公司佛山汾江中路证券营业部,1,285.13,1,0.0,0,白云电器
40,中国中投证券有限责任公司湛江吴川证券营业部,1,202.32,1,0.0,0,白云电器
41,财达证券股份有限公司唐山华岩路证券营业部,1,0.0,0,696.11,1,白云电器
42,平安证券股份有限公司深圳金田路证券营业部,1,0.0,0,537.83,1,白云电器
43,国金证券股份有限公司上海奉贤区金碧路证券营业部,44,10930.69,22,8909.92,22,"畅联股份,万马科技,川恒股份,"
44,招商证券股份有限公司北京光明路证券营业部,1,0.0,0,197.48,1,白云电器
45,国泰君安证券股份有限公司郑州黄河路证券营业部,10,6171.45,4,8631.88,6,"畅联股份,华通热力,二六三,"
46,海通证券股份有限公司北京光华路营业部,2,1999.23,1,1577.42,1,畅联股份
47,华西证券股份有限公司南充阆中天马寺街证券营业部,1,870.5,1,0.0,0,畅联股份
48,安信证券股份有限公司北京复兴门外大街证券营业部,1,831.29,1,0.0,0,畅联股份
49,华泰证券股份有限公司无锡解放西路证券营业部,3,526.99,1,2818.58,2,"森霸股份,畅联股份"
50,华泰证券股份有限公司上海共和新路证券营业部,4,1252.39,1,3712.12,3,"森霸股份,广和通,畅联股份"
51,中信证券股份有限公司湖州环城西路证券营业部,4,1617.07,3,1411.39,1,"中通国脉,新华都,安纳达,"
52,长城证券股份有限公司仙桃钱沟路证券营业部,8,3649.56,4,4463.2,4,"武汉凡谷,奥联电子,华通热力,"
53,中国银河证券股份有限公司湖州证券营业部,1,475.25,1,0.0,0,中通国脉
54,光大证券股份有限公司宁波悦盛路证券营业部,1,446.26,1,0.0,0,中通国脉
55,方正证券股份有限公司郴州宜章宜兴路证券营业部,1,405.06,1,0.0,0,中通国脉
56,东方证券股份有限公司义乌工人西路证券营业部,8,5174.04,5,2981.57,3,"中通国脉,开立医疗,海马汽车,"
57,东方证券股份有限公司汕头长平路证券营业部,1,543.85,1,0.0,0,建研院
58,华泰证券股份有限公司启东人民中路证券营业部,1,0.0,0,515.58,1,中通国脉
59,国金证券股份有限公司上海互联网证券分公司,19,5425.91,9,3884.72,10,"恒银金融,开立医疗,万马股份,"
60,华泰证券股份有限公司苏州人民路证券营业部,1,0.0,0,483.58,1,中通国脉
61,东吴证券股份有限公司上海分公司,6,1883.78,4,712.92,2,"建研院,哈三联,电工合金"
62,中国银河证券股份有限公司金华证券营业部,1,0.0,0,445.14,1,中通国脉
63,国信证券股份有限公司浙江分公司,6,0.0,0,5813.04,6,"安凯客车,紫光国芯,电工合金,"
64,招商证券股份有限公司深圳蛇口工业七路证券营业部,2,2522.88,1,1137.71,1,"天宇股份,建研院"
65,中信证券股份有限公司上海东方路证券营业部,2,9216.62,1,714.61,1,"方大炭素,建研院"
66,中信证券股份有限公司北京紫竹院路证券营业部,2,0.0,0,903.17,2,"*ST三维,建研院"
67,国泰君安证券股份有限公司荆州便河东路证券营业部,1,19.05,1,0.0,0,亚士创能
68,湘财证券股份有限公司汨罗建设路证券营业部,3,1704.38,2,2268.51,1,"韦尔股份,大理药业"
69,南京证券股份有限公司上海西藏南路证券营业部,2,0.16,1,692.59,1,"亚士创能,川金诺"
70,方正证券股份有限公司长沙留芳岭证券营业部,1,0.0,0,1.86,1,亚士创能
71,申万宏源证券有限公司天津吴家窑大街证券营业部,1,0.0,0,1.86,1,亚士创能
72,上海证券有限责任公司大统路证券营业部,1,0.0,0,1.86,1,亚士创能
73,华泰证券股份有限公司吴江盛泽镇市场路证券营业部,1,0.0,0,75.6,1,韦尔股份
74,海通证券股份有限公司牡丹江牡丹街证券营业部,1,0.0,0,1.86,1,亚士创能
75,东莞证券股份有限公司北京分公司,4,1685.79,2,939.6,2,"奥联电子,吉大通信,韦尔股份"
76,方正证券股份有限公司上海延安西路证券营业部,5,122.65,5,0.0,0,"傲农生物,天目湖,拉夏贝尔,"
77,华鑫证券有限责任公司南昌红谷中大道证券营业部,2,2621.27,1,3025.45,1,金域医学
78,海通证券股份有限公司徐州中山北路证券营业部,2,1717.97,1,1956.92,1,金域医学
79,华鑫证券有限责任公司即墨鹤山路证券营业部,2,1346.71,1,630.72,1,"金域医学,岱勒新材"
80,海通证券股份有限公司武汉十升路证券营业部,1,402.16,1,0.0,0,金域医学
81,国金证券股份有限公司上海长宁区延安西路证券营业部,3,370.63,2,571.19,1,"金域医学,台华新材,广东骏亚"
82,国信证券股份有限公司上海北京东路证券营业部,8,291.92,1,1316.86,7,"美格智能,瀛通通讯,大理药业,"
83,平安证券股份有限公司上海分公司,3,0.0,0,951.15,3,"建研院,畅联股份,金域医学"
84,国泰君安证券股份有限公司总部,5,34.81,2,2337.43,3,"傲农生物,国芳集团,索通发展,"
85,民生证券股份有限公司郑州西太康路证券营业部,2,1127.94,1,19.42,1,"畅联股份,金域医学"
86,广发证券股份有限公司深圳民田路证券营业部,6,10040.2,5,351.84,1,"长江通信,瀛通通讯,武汉凡谷"
87,中信建投证券股份有限公司上海华灵路证券营业部,11,7696.58,7,4810.31,4,"长江通信,森霸股份,旭光股份,"
88,申万宏源西部证券有限公司北京紫竹院路证券营业部,5,4266.31,4,718.48,1,"长江通信,森霸股份,紫光国芯"
89,海通证券股份有限公司深圳海德三道证券营业部,1,1693.49,1,0.0,0,长江通信
90,华泰证券股份有限公司成都南一环路第二证券营业部,12,18043.78,8,5905.47,4,"天音控股,盛路通信,二六三,"
91,国泰君安证券股份有限公司唐山建华西道证券营业部,1,0.0,0,4383.0,1,长江通信
92,中银国际证券有限责任公司上海欧阳路证券营业部,1,0.0,0,2250.86,1,长江通信
93,广州证券股份有限公司宁波江东北路证券营业部,2,1340.0,1,1333.74,1,"钧达股份,长江通信"
94,国泰君安证券股份有限公司上海自贸试验区分公司,1,250.27,1,0.0,0,恒银金融
95,国泰君安证券股份有限公司上海打浦路证券营业部,1,147.39,1,0.0,0,恒银金融
96,国泰君安证券股份有限公司徐州和平路证券营业部,1,69.37,1,0.0,0,恒银金融
97,财富证券有限责任公司杭州绍兴路证券营业部,1,26.43,1,0.0,0,恒银金融
98,广发证券股份有限公司韶关南雄新城证券营业部,1,0.0,0,6.48,1,恒银金融
99,华泰证券股份有限公司镇江分公司,1,0.0,0,5.24,1,恒银金融
100,招商证券股份有限公司上海翔殷路证券营业部,2,0.0,0,15.58,2,"大理药业,恒银金融"
101,华泰证券股份有限公司南通如东人民路证券营业部,1,35.93,1,0.0,0,大理药业
102,海通证券股份有限公司南京广州路证券营业部,10,6298.57,6,4079.58,4,"吉大通信,万马科技,盐津铺子,"
103,中国银河证券股份有限公司镇江黄山南路证券营业部,1,2.88,1,0.0,0,傲农生物
104,浙商证券股份有限公司磐安文溪南路证券营业部,1,0.0,0,2.65,1,大理药业
105,申万宏源证券有限公司上海徐汇区中山西路证券营业部,2,0.0,0,876.08,2,"丝路视觉,大理药业"
106,光大证券股份有限公司广州金穗路证券营业部,1,0.0,0,2.65,1,大理药业
107,方正证券股份有限公司东莞万道路证券营业部,1,245.06,1,0.0,0,台华新材
108,海通证券股份有限公司广州宝岗大道证券营业部,1,0.0,0,2.65,1,大理药业
109,华泰证券股份有限公司总部,2,146.66,1,362.75,1,"台华新材,梅轮电梯"
110,中泰证券股份有限公司淄博临淄大道证券营业部,1,0.0,0,2.65,1,大理药业
111,恒泰证券股份有限公司上海兰花路证券营业部,3,125.42,2,710.36,1,"台华新材,亚士创能,科新机电"
112,中国中投证券有限责任公司北京万寿路证券营业部,2,0.0,0,8.99,2,"拉夏贝尔,台华新材"
113,中信建投证券股份有限公司石家庄建设南大街证券营业部,1,0.0,0,4.08,1,台华新材
114,华泰证券股份有限公司常州东横街证券营业部,3,723.91,2,399.67,1,"索通发展,原尚股份"
115,国海证券股份有限公司柳州北站路证券营业部,4,0.0,0,172.32,4,"东方市场,原尚股份"
116,国泰君安证券股份有限公司杭州庆春路证券营业部,2,0.0,0,347.95,2,"九安医疗,原尚股份"
117,中泰证券股份有限公司济南历山路证券营业部,1,0.0,0,5.02,1,原尚股份
118,新时代证券股份有限公司上海金桥路证券营业部,1,0.0,0,4.71,1,原尚股份
119,江海证券有限公司哈尔滨花园街第二证券营业部,1,0.0,0,3.48,1,原尚股份
120,华福证券有限责任公司泉州丰泽街证券营业部,5,3251.38,2,5772.74,3,"广东骏亚,天宇股份"
121,华泰证券股份有限公司常州新北区高新科技园证券营业部,6,11574.95,4,5225.95,2,"韦尔股份,数据港,广东骏亚,"
122,光大证券股份有限公司北京中关村证券营业部,3,2369.08,1,4481.08,2,广东骏亚
123,华泰证券股份有限公司深圳益田路荣超商务中心证券营业部,16,22872.41,8,18872.5,8,"武汉凡谷,韦尔股份,光威复材,"
124,国泰君安证券股份有限公司顺德东乐路证券营业部,5,2861.23,2,5381.94,3,"广东骏亚,*ST中安,恒银金融"
125,国融证券股份有限公司厦门松岳路证券营业部,4,3151.31,3,1182.79,1,"乐心医疗,九安医疗,大博医疗,"
126,宏信证券有限责任公司成都福兴街证券营业部,3,64.3,2,653.31,1,"亚士创能,大博医疗,广东骏亚"
127,光大证券股份有限公司广州珠江新城证券营业部,1,0.0,0,213.72,1,广东骏亚
128,华泰证券股份有限公司上海澳门路证券营业部,4,3724.98,2,3667.39,2,"梅轮电梯,金溢科技"
129,中国中投证券有限责任公司西安友谊东路证券营业部,4,3679.94,4,0.0,0,"银江股份,天音控股,二六三,"
130,国信证券股份有限公司深圳泰然九路证券营业部,17,7219.92,7,10711.71,10,"卫宁健康,紫光国芯,安凯客车,"
131,平安证券股份有限公司北京东花市证券营业部,7,1357.58,2,1053.57,5,"开立医疗,赛隆药业,辰欣药业,"
132,西藏东方财富证券股份有限公司昌都聚盛路证券营业部,6,1362.63,3,831.59,3,"畅联股份,纵横通信,盐津铺子,"
133,申万宏源证券有限公司长沙蔡锷中路证券营业部,4,2478.55,3,1875.94,1,"创业黑马,梅轮电梯,科新机电"
134,华泰证券股份有限公司广州体育东路证券营业部,1,1310.23,1,0.0,0,创业黑马
135,中信建投证券股份有限公司杭州庆春路证券营业部,10,13679.72,4,17635.61,6,"二六三,创业黑马,万马股份,"
136,国元证券股份有限公司杭州萧山金城路证券营业部,2,732.39,1,771.77,1,"创业黑马,赛隆药业"
137,中国银河证券股份有限公司北京朝阳门北大街证券营业部,1,0.0,0,5247.35,1,创业黑马
138,广发证券股份有限公司佛山顺德怡和路证券营业部,1,0.0,0,2446.86,1,创业黑马
139,万联证券股份有限公司沈阳恒达路证券营业部,2,812.17,1,872.45,1,天宇股份
140,方正证券股份有限公司开封晋安路证券营业部,2,569.49,1,603.27,1,天宇股份
141,华泰证券股份有限公司郑州经三路证券营业部,5,2717.94,3,1676.82,2,"原尚股份,台华新材,天宇股份,"
142,信达证券股份有限公司盖州红旗大街证券营业部,1,0.0,0,179.92,1,天宇股份
143,华泰证券股份有限公司上海武定路证券营业部,12,4718.43,5,12169.43,7,"盐湖股份,二六三,杭州园林,"
144,宏信证券有限责任公司上海崂山东路证券营业部,2,392.08,1,411.75,1,创源文化
145,方正证券股份有限公司天津新华路证券营业部,3,356.84,2,374.49,1,"创源文化,世纪天鸿"
146,华鑫证券有限责任公司上海松江证券营业部,4,1341.64,3,194.14,1,"海马汽车,创源文化,天目湖"
147,招商证券股份有限公司南京中山南路证券营业部,2,0.0,0,10413.19,2,"士兰微,创源文化"
148,方正证券股份有限公司台州解放路证券营业部,1,0.0,0,6.58,1,创源文化
149,国信证券股份有限公司北京三里河证券营业部,4,915.64,1,713.81,3,"新华都,皮阿诺,二六三,"
150,安信证券股份有限公司潮州城新西路证券营业部,2,0.0,0,133.93,2,"四通股份,创源文化"
151,中信证券股份有限公司杭州四季路证券营业部,8,27136.82,5,1670.59,3,"京东方A,科恒股份,创源文化,"
152,天风证券股份有限公司上海芳甸路证券营业部,2,22014.28,2,0.0,0,"京东方A,云铝股份"
153,深股通专用,7,15640.46,3,12219.44,4,"京东方A,智慧农业,新华制药,"
154,华泰证券股份有限公司南通姚港路证券营业部,4,15678.1,3,9105.02,1,"京东方A,迪安诊断,梦网集团"
155,中信证券股份有限公司上海淮海中路证券营业部,13,40277.57,10,27846.5,3,"京东方A,恒银金融,京威股份,"
156,联讯证券股份有限公司南通工农路证券营业部,3,2638.78,1,1405.11,2,"梦网集团,嘉麟杰,银江股份"
157,海通证券股份有限公司蚌埠中荣街证券营业部,12,19408.1,9,9952.01,3,"安凯客车,哈三联,中通国脉,"
158,光大证券股份有限公司深圳金田路证券营业部,12,28028.51,6,20830.27,6,"武汉凡谷,安凯客车,中通国脉"
159,兴业证券股份有限公司广西分公司,5,4935.99,3,6073.46,2,"安凯客车,特力A,杭州园林"
160,兴业证券股份有限公司陕西分公司,7,12306.2,4,9256.95,3,"安凯客车,光威复材,建科院"
161,国海证券股份有限公司长沙中意一路证券营业部,2,829.48,1,640.79,1,武汉凡谷
162,中泰证券股份有限公司宁波江东北路证券营业部,9,10439.97,5,7412.34,4,"安凯客车,银江股份,岱勒新材,"
163,招商证券股份有限公司柳州解放北路证券营业部,2,744.58,1,783.09,1,武汉凡谷
164,东兴证券股份有限公司邵武五一九路证券营业部,4,3263.18,4,0.0,0,"梦网集团,合金投资,万东医疗,"
165,国联证券股份有限公司杭州中山北路证券营业部,5,6098.99,4,3521.89,1,"安凯客车,特力A,丝路视觉,"
166,华融证券股份有限公司深圳金田路证券营业部,2,0.0,0,3060.56,2,"迪安诊断,梦网集团"
167,申万宏源证券有限公司上海浦东新区陆家嘴环路证券营业部,2,0.0,0,11035.2,2,安凯客车
168,华泰证券股份有限公司台州中心大道证券营业部,3,0.0,0,14143.22,3,"安凯客车,方大炭素"
169,世纪证券有限责任公司南昌北京西路证券营业部,1,0.0,0,877.04,1,梦网集团
170,广发证券股份有限公司泉州涂门街证券营业部,3,1011.87,2,2406.5,1,"英派斯,沃特股份,安凯客车"
171,财通证券股份有限公司温岭中华路证券营业部,18,13405.32,9,12088.26,9,"红相电力,恒银金融,茂硕电源,"
172,广发证券股份有限公司武汉珞狮路证券营业部,1,0.0,0,797.83,1,梦网集团
173,华福证券有限责任公司连江丹凤东路证券营业部,1,0.0,0,1421.1,1,安凯客车
174,方正证券股份有限公司邵阳隆回桃花路证券营业部,1,0.0,0,773.38,1,梦网集团
175,光大证券股份有限公司重庆大坪正街证券营业部,2,1345.69,1,1434.17,1,"新华都,武汉凡谷"
176,国信证券股份有限公司杭州市心中路证券营业部,3,2432.32,1,1680.63,2,"盐湖股份,武汉凡谷,蓝黛传动"
177,爱建证券有限责任公司厦门湖滨一里证券营业部,2,979.53,1,1186.78,1,新华都
178,华鑫证券有限责任公司上海宛平南路证券营业部,10,10445.4,8,3010.41,2,"金利科技,吉大通信,海马汽车,"
179,方正证券股份有限公司宁波解放北路证券营业部,5,1747.85,4,1265.39,1,"甘肃电投,海马汽车,财信发展,"
180,广发证券股份有限公司沈阳小西路证券营业部,2,0.0,0,742.42,2,新华都
181,平安证券股份有限公司湛江绿华路证券营业部,2,0.0,0,623.12,2,"当代明诚,新华都"
182,招商证券股份有限公司深圳深南中路证券营业部,1,0.0,0,90.25,1,新华都
183,招商证券股份有限公司深圳福民路证券营业部,2,0.0,0,357.47,2,"深赛格,新华都"
184,国泰君安证券股份有限公司南京太平南路证券营业部,9,8402.38,5,6051.45,4,"中通国脉,哈三联,广和通,"
185,中国银河证券股份有限公司温州大南路证券营业部,4,3344.08,3,8.12,1,"和佳股份,万马股份,英科医疗,"
186,招商证券股份有限公司深圳南山南油大道证券营业部,4,1961.38,2,32.81,2,"嘉麟杰,华录百纳,世纪天鸿"
187,海通证券股份有限公司天津霞光道证券营业部,5,6343.53,4,983.81,1,"二六三,天玑科技,微光股份,"
188,国泰君安证券股份有限公司上海虹口区大连路证券营业部,2,824.95,1,690.55,1,"万马股份,华北高速"
189,申万宏源西部证券有限公司宜兴人民中路证券营业部,1,565.07,1,0.0,0,嘉麟杰
190,兴业证券股份有限公司福州湖东路证券营业部,9,6161.98,5,6521.69,4,"二六三,九安医疗,利欧股份,"
191,浙商证券股份有限公司温岭人民东路证券营业部,1,520.91,1,0.0,0,嘉麟杰
192,中信证券(山东)有限责任公司淄博分公司,10,17522.93,7,3841.65,3,"金域医学,江淮汽车,二六三,"
193,开源证券股份有限公司上海第二分公司,2,625.17,1,1159.53,1,万马股份
194,华泰证券股份有限公司厦门厦禾路证券营业部,13,13703.75,6,13720.16,7,"特力A,川金诺,盐湖股份,"
195,兴业证券股份有限公司浙江分公司,4,1027.25,2,1611.5,2,"嘉麟杰,中富通"
196,财通证券股份有限公司杭州龙井路证券营业部,1,1289.2,1,0.0,0,二六三
197,中信建投证券股份有限公司上海青浦证券营业部,1,620.04,1,0.0,0,万马股份
198,新时代证券股份有限公司郑州商务内环路证券营业部,1,0.0,0,547.11,1,二六三
199,国泰君安证券股份有限公司广州人民中路证券营业部,3,481.74,1,661.53,2,"微光股份,瀛通通讯,森霸股份"
200,华泰证券股份有限公司南京中山北路证券营业部,2,0.0,0,4794.05,2,"光威复材,二六三"
201,浙商证券股份有限公司临安万马路证券营业部,11,8865.58,5,10997.9,6,"煌上煌,电工合金,特力A,"
202,广发证券股份有限公司保定恒祥南大街证券营业部,1,0.0,0,1156.89,1,万马股份
203,联讯证券股份有限公司惠州云山西路证券营业部,1,466.84,1,0.0,0,微光股份
204,中信证券股份有限公司杭州新天地证券营业部,4,821.06,1,1410.11,3,"森霸股份,英派斯,二六三"
205,中国银河证券股份有限公司北京中关村大街证券营业部,3,162.08,1,1279.56,2,"*ST三维,嘉麟杰,甘肃电投"
206,华泰证券股份有限公司银川新华西街证券营业部,1,0.0,0,1034.16,1,万马股份
207,华泰证券股份有限公司南京户部街证券营业部,2,424.4,1,371.35,1,"微光股份,科大国创"
208,中银国际证券有限责任公司石家庄新华路证券营业部,1,0.0,0,736.28,1,嘉麟杰
209,国信证券股份有限公司西安友谊东路证券营业部,1,0.0,0,639.57,1,微光股份
210,华泰证券股份有限公司江西分公司,2,314.01,1,342.76,1,"二六三,旭光股份"
211,光大证券股份有限公司深圳深南大道证券营业部,2,0.0,0,976.31,2,"万马股份,*ST三维"
212,申万宏源证券有限公司本溪解放北路证券营业部,1,0.0,0,588.86,1,微光股份
213,国盛证券有限责任公司南昌物资大楼证券营业部,2,696.57,1,559.38,1,"原尚股份,嘉麟杰"
214,财富证券有限责任公司长沙万芙路证券营业部,2,616.12,1,482.54,1,"原尚股份,微光股份"
215,海通证券股份有限公司石家庄师范街证券营业部,1,0.0,0,434.58,1,微光股份
216,山西证券股份有限公司太原迎泽大街证券营业部,1,0.0,0,269.07,1,微光股份
217,西藏东方财富证券股份有限公司山南乃东县湖南路证券营业部,5,324.13,1,1221.55,4,"瀛通通讯,万马科技,盐津铺子,"
218,华西证券股份有限公司重庆中山三路证券营业部,9,4161.89,5,4389.87,4,"瀛通通讯,川恒股份,金溢科技,"
219,中信证券股份有限公司诸暨暨东路证券营业部,4,2765.67,3,0.61,1,"达安股份,瀛通通讯,国芳集团"
220,万联证券股份有限公司广州东风中路证券营业部,6,4506.85,4,3105.39,2,"广东骏亚,索通发展,瀛通通讯"
221,光大证券股份有限公司广州中山二路证券营业部,1,0.0,0,1422.8,1,瀛通通讯
222,华泰证券股份有限公司深圳益田路荣超商务中心第二证券营业部,2,1176.58,1,736.15,1,"新华都,瀛通通讯"
223,中信证券股份有限公司广东分公司,1,0.0,0,610.2,1,瀛通通讯
224,光大证券股份有限公司内江公园街证券营业部,2,1503.88,2,0.0,0,"金溢科技,畅联股份"
225,中国银河证券股份有限公司厦门美湖路证券营业部,1,367.62,1,0.0,0,金溢科技
226,国海证券股份有限公司南宁友爱路证券营业部,1,360.91,1,0.0,0,美格智能
227,华泰证券股份有限公司上海奉贤区望园南路证券营业部,11,12748.22,7,5900.71,4,"北纬科技,奥联电子,新华都,"
228,东方证券股份有限公司上海浦东新区牡丹路证券营业部,4,1197.97,3,814.78,1,"吉大通信,美格智能,达安股份"
229,中信建投证券股份有限公司南昌抚河中路证券营业部,2,243.93,1,238.13,1,美格智能
230,宏信证券有限责任公司南充涪江路证券营业部,1,236.96,1,0.0,0,美格智能
231,湘财证券股份有限公司佛山祖庙路证券营业部,2,1.04,1,1155.85,1,"铭普光磁,金溢科技"
232,华泰证券股份有限公司沈阳青年大街证券营业部,2,1025.61,1,646.09,1,"赛隆药业,银江股份"
233,安信证券股份有限公司佛山南海大道证券营业部,2,0.0,0,1790.55,2,"太辰光,金溢科技"
234,万联证券股份有限公司成都分公司,1,640.04,1,0.0,0,赛隆药业
235,华泰证券股份有限公司沈阳大西路证券营业部,8,6004.46,5,3514.71,3,"恒银金融,创源文化,海马汽车,"
236,浙商证券股份有限公司横店万盛北街证券营业部,1,456.69,1,0.0,0,赛隆药业
237,华西证券股份有限公司成都高升桥路证券营业部,4,2837.37,2,2840.16,2,"安凯客车,美格智能"
238,中山证券有限责任公司深圳深南大道证券营业部,1,452.21,1,0.0,0,赛隆药业
239,申万宏源证券有限公司成都西一环路证券营业部,2,859.06,1,449.67,1,"达安股份,美格智能"
240,华鑫证券有限责任公司苏州时代广场证券营业部,3,1081.15,2,1425.99,1,"二六三,阿石创,赛隆药业"
241,东兴证券股份有限公司武汉台北一路证券营业部,1,0.0,0,350.03,1,美格智能
242,国泰君安证券股份有限公司永州梅湾路证券营业部,4,5111.9,4,0.0,0,"安凯客车,川恒股份"
243,民生证券股份有限公司驻马店交通路证券营业部,5,2553.52,3,2373.63,2,"川恒股份,和佳股份,新劲刚"
244,申万宏源证券有限公司镇江解放路证券营业部,2,943.75,2,0.0,0,"川恒股份,广和通"
245,中信证券股份有限公司北京天通苑证券营业部,2,550.23,2,0.0,0,"川恒股份,华录百纳"
246,万和证券股份有限公司成都通盈街证券营业部,3,4432.19,1,1463.45,2,"鱼跃医疗,川恒股份"
247,海通证券股份有限公司北京阜外大街证券营业部,1,0.0,0,570.7,1,川恒股份
248,中信证券股份有限公司广州临江大道证券营业部,2,0.0,0,3500.22,2,"川恒股份,天玑科技"
249,光大证券股份有限公司宁波中山西路证券营业部,7,5032.29,4,3599.0,3,"恒信东方,三维通信,奥联电子,"
250,国信证券股份有限公司南昌八一大道证券营业部,5,4991.43,4,1495.95,1,"恒信东方,建科院,中通国脉"
251,万和证券股份有限公司成都蜀汉路证券营业部,4,2201.12,2,1916.81,2,"恒信东方,卫宁健康"
252,国融证券股份有限公司成都东大街证券营业部,6,2183.15,3,4103.01,3,"新华都,恒信东方,东方市场,"
253,中国国际金融股份有限公司大连金马路证券营业部,5,8709.73,5,0.0,0,"金利科技,天玑科技,氯碱化工,"
254,中国银河证券股份有限公司杭州体育场路证券营业部,2,0.0,0,3978.37,2,恒信东方
255,光大证券股份有限公司盐城人民南路证券营业部,2,0.0,0,3088.55,2,恒信东方
256,华泰证券股份有限公司沈阳光荣街证券营业部,2,575.44,1,440.0,1,"广东骏亚,恒信东方"
257,中天证券股份有限公司沈阳八王寺街证券营业部,1,0.0,0,411.52,1,恒信东方
258,华泰证券股份有限公司北京西三环北路证券营业部,2,0.0,0,304.92,2,"恒信东方,岱勒新材"
259,国泰君安证券股份有限公司临海巾山中路证券营业部,1,636.92,1,0.0,0,荣科科技
260,华泰证券股份有限公司扬州宝应叶挺东路证券营业部,1,281.4,1,0.0,0,荣科科技
261,国泰君安证券股份有限公司温州江滨西路证券营业部,1,594.45,1,0.0,0,新易盛
262,国泰君安证券股份有限公司衡阳雁城路证券营业部,2,642.34,2,0.0,0,"富瀚微,荣科科技"
263,华林证券股份有限公司合肥潜山路证券营业部,1,485.08,1,0.0,0,新易盛
264,东吴证券股份有限公司常熟阜湖路证券营业部,1,0.0,0,880.16,1,新易盛
265,华泰证券股份有限公司靖江人民中路证券营业部,1,122.53,1,0.0,0,荣科科技
266,国信证券股份有限公司成都二环路证券营业部,1,0.0,0,832.46,1,新易盛
267,财通证券股份有限公司杭州体育馆证券营业部,5,4572.59,3,2093.93,2,"天玑科技,江龙船艇,英飞特,"
268,中信证券股份有限公司嘉兴吉杨路证券营业部,1,0.0,0,301.28,1,荣科科技
269,方正证券股份有限公司温州永中西路证券营业部,1,0.0,0,279.65,1,荣科科技
270,招商证券股份有限公司南宁金湖路证券营业部,1,0.0,0,234.52,1,荣科科技
271,长江证券股份有限公司上海绵绣路证券营业部,7,7469.79,5,3053.61,2,"爱司凯,江龙船艇,钧达股份,"
272,九州证券股份有限公司上海分公司,1,0.0,0,178.59,1,荣科科技
273,浙商证券股份有限公司湖州双子大厦证券营业部,8,7443.79,4,8431.72,4,"中通国脉,江龙船艇"
274,招商证券股份有限公司北京北三环东路证券营业部,2,413.56,1,389.37,1,江龙船艇
275,华福证券有限责任公司厦门湖滨南路证券营业部,4,6971.51,1,1187.89,3,"京威股份,江龙船艇,科新机电,"
276,西南证券股份有限公司北京北三环中路证券营业部,2,0.0,0,774.74,2,"天音控股,江龙船艇"
277,西藏东方财富证券股份有限公司拉萨察古大道第二证券营业部,7,2324.19,4,775.8,3,"电工合金,金域医学,江龙船艇,"
278,平安证券股份有限公司深圳分公司,1,0.0,0,182.28,1,江龙船艇
279,华泰证券股份有限公司深圳侨香路智慧广场证券营业部,5,2049.45,2,2967.69,3,"吉大通信,电工合金,万马科技"
280,国泰君安证券股份有限公司深圳深南大道京基一百证券营业部,5,2915.14,2,2264.23,3,"弘信电子,吉大通信,创源文化,"
281,方正证券股份有限公司杭州下沙证券营业部,3,1594.09,2,699.73,1,"京天利,吉大通信"
282,中国中投证券有限责任公司无锡清扬路证券营业部,12,15625.62,8,7296.08,4,"奥联电子,吉大通信,美格智能,"
283,方正证券股份有限公司上海保定路证券营业部,5,5294.3,2,5776.92,3,"韦尔股份,吉大通信"
284,中国中投证券有限责任公司上海西康路证券营业部,1,0.0,0,1216.39,1,吉大通信
285,申万宏源证券有限公司武汉青年路证券营业部,1,0.0,0,1204.43,1,吉大通信
286,华泰证券股份有限公司成都蜀金路证券营业部,8,8056.48,4,3923.99,4,"光威复材,银江股份,森霸股份,"
287,招商证券股份有限公司广州天河北路证券营业部,4,1829.32,2,900.8,2,"金域医学,新劲刚,红相电力"
288,中信建投证券股份有限公司北京大柳树路证券营业部,2,606.33,1,2944.88,1,"金利科技,新劲刚"
289,国泰君安证券股份有限公司成都双庆路证券营业部,4,964.8,2,961.73,2,"新劲刚,美格智能"
290,中信证券股份有限公司杭州庆春路证券营业部,1,0.0,0,2362.01,1,新劲刚
291,东兴证券股份有限公司泉州温陵北路证券营业部,6,7390.48,3,5182.57,3,"安凯客车,恒银金融,新劲刚"
292,国泰君安证券股份有限公司上海江苏路证券营业部,11,4431.36,6,3667.04,5,"梅轮电梯,当代明诚,天宇股份,"
293,中国中投证券有限责任公司南京太平南路证券营业部,13,19004.94,7,10777.75,6,"广和通,韦尔股份,数据港,"
294,南京证券股份有限公司南京大钟亭证券营业部,12,17347.91,7,9320.61,5,"广和通,光威复材,杭州园林,"
295,江海证券有限公司上海万航渡路证券营业部,2,813.25,1,825.9,1,广和通
296,华泰证券股份有限公司浙江分公司,3,1170.04,1,2108.51,2,电工合金
297,东莞证券股份有限公司四川分公司,4,1744.03,2,925.66,2,"三维通信,广和通,瀛通通讯"
298,中信证券股份有限公司宁波天童北路证券营业部,4,1582.66,2,1622.12,2,"电工合金,原尚股份"
299,光大证券股份有限公司佛山南海桂澜北路证券营业部,1,513.47,1,0.0,0,广和通
300,招商证券股份有限公司太原平阳路证券营业部,3,1392.03,1,3037.17,2,广和通
301,国元证券股份有限公司广州体育东路证券营业部,1,0.0,0,555.41,1,电工合金
302,中泰证券股份有限公司北京建国门外大街证券营业部,1,0.0,0,678.17,1,广和通
303,华融证券股份有限公司长沙韶山路证券营业部,2,0.0,0,2110.26,2,广和通
304,上海证券有限责任公司南京胜太路证券营业部,10,4295.8,5,5750.66,5,"万马科技,盛路通信,达安股份,"
305,兴业证券股份有限公司莆田东圳东路证券营业部,2,809.24,1,732.94,1,万马科技
306,上海证券有限责任公司南京溧水致远路证券营业部,4,2256.15,3,474.0,1,"万马科技,吉大通信,元成股份"
307,金元证券股份有限公司上海徐汇区漕溪北路证券营业部,2,1286.49,1,1279.97,1,"金域医学,万马科技"
308,东海证券股份有限公司洛阳周山路证券营业部,3,626.98,1,1311.88,2,"万马科技,梅轮电梯"
309,中信建投证券股份有限公司广州云城南三路证券营业部,1,5338.33,1,0.0,0,光威复材
310,海通证券股份有限公司许昌建设路证券营业部,3,22310.19,3,0.0,0,"光威复材,方大炭素"
311,湘财证券股份有限公司上海张杨路证券营业部,1,4362.63,1,0.0,0,光威复材
312,招商证券股份有限公司深圳益田路江苏大厦证券营业部,3,6049.98,2,6955.97,1,"英派斯,光威复材"
313,中信证券股份有限公司上海环球金融中心证券营业部,1,0.0,0,4644.76,1,光威复材
314,中国银河证券股份有限公司杭州庆春路证券营业部,2,2424.12,1,4403.56,1,光威复材
315,华泰证券股份有限公司扬州文昌中路证券营业部,2,0.0,0,2330.14,2,"光威复材,川金诺"
316,申万宏源证券有限公司珠海粤海东路证券营业部,2,4844.89,2,0.0,0,"深赛格,三维通信"
317,海通证券股份有限公司丽水城东路证券营业部,2,4993.04,2,0.0,0,"岱勒新材,财信发展"
318,广发证券股份有限公司哈尔滨学府路证券营业部,2,2182.52,1,2312.32,1,安凯客车
319,长江证券股份有限公司上海东明路证券营业部,2,1049.51,1,1081.46,1,"财信发展,纵横通信"
320,东方证券股份有限公司上海浦东新区春晓路证券营业部,2,3810.77,2,0.0,0,"深赛格,当代明诚"
321,国盛证券有限责任公司宁波园丁街证券营业部,6,6013.35,4,4034.8,2,"安凯客车,杭州园林,二六三,"
322,招商证券股份有限公司深圳笋岗路证券营业部,2,220.11,1,285.6,1,"财信发展,钧达股份"
323,方正证券股份有限公司深圳福中路证券营业部,1,1683.21,1,0.0,0,深赛格
324,中国银河证券股份有限公司泉州南俊路证券营业部,2,599.2,2,0.0,0,"华通热力,财信发展"
325,国盛证券有限责任公司合肥翠微路证券营业部,2,2304.41,2,0.0,0,"煌上煌,深赛格"
326,东海证券股份有限公司重庆新华路证券营业部,1,0.0,0,458.27,1,财信发展
327,海通证券股份有限公司丹阳东方路证券营业部,1,0.0,0,1708.0,1,深赛格
328,国泰君安证券股份有限公司长沙五一东路证券营业部,2,0.0,0,536.79,2,"富瀚微,财信发展"
329,华西证券股份有限公司上海曲阳路证券营业部,1,0.0,0,764.56,1,深赛格
330,东北证券股份有限公司重庆科园一路证券营业部,1,0.0,0,164.86,1,财信发展
331,国联证券股份有限公司无锡梁溪路证券营业部,1,0.0,0,761.08,1,深赛格
332,长城证券股份有限公司北京西直门外大街证券营业部,2,0.0,0,674.65,2,"盛路通信,财信发展"
333,中国中投证券有限责任公司深圳宝安兴华路证券营业部,5,2605.28,2,10037.3,3,"特力A,氯碱化工,安凯客车,"
334,长江证券股份有限公司长沙晚报大道证券营业部,1,0.0,0,108.11,1,财信发展
335,东莞证券股份有限公司东莞黄江证券营业部,1,1808.51,1,0.0,0,安纳达
336,东兴证券股份有限公司莆田梅园东路证券营业部,1,272.26,1,0.0,0,安纳达
337,上海证券有限责任公司瑞安塘下大道证券营业部,1,0.0,0,417.33,1,安纳达
338,国泰君安证券股份有限公司深圳分公司,4,3034.78,2,4690.9,2,新华都
339,中泰证券股份有限公司深圳欢乐海岸证券营业部,2,8774.09,2,0.0,0,"武汉凡谷,安凯客车"
340,浙商证券股份有限公司临海崇和路证券营业部,1,0.0,0,318.26,1,安纳达
341,中国国际金融股份有限公司云浮新兴东堤北路证券营业部,1,5357.62,1,0.0,0,武汉凡谷
342,东北证券股份有限公司长春湖西路证券营业部,2,0.0,0,1138.83,2,"新华都,安纳达"
343,华鑫证券有限责任公司沈阳滂江街证券营业部,2,1075.76,1,1176.46,1,新华都
344,联讯证券股份有限公司惠州演达大道证券营业部,1,0.0,0,265.67,1,安纳达
345,华泰证券股份有限公司深圳泰然路证券营业部,4,5907.56,4,0.0,0,"武汉凡谷,卫宁健康,利欧股份,"
346,华泰证券股份有限公司深圳后海阿里云大厦证券营业部,2,1157.03,2,0.0,0,"新华都,大博医疗"
347,中信建投证券股份有限公司福清田乾路证券营业部,2,0.0,0,4324.35,2,新华都
348,光大证券股份有限公司黑河东兴路证券营业部,1,0.0,0,1108.75,1,新华都
349,安信证券股份有限公司上海黄浦区中山南路证券营业部,1,0.0,0,539.39,1,新华都
350,安信证券股份有限公司北京中关村南大街证券营业部,1,0.0,0,652.7,1,武汉凡谷
351,东北证券股份有限公司南京中山北路证券营业部,1,0.0,0,446.0,1,新华都
352,华泰证券股份有限公司广州天河东路证券营业部,2,1967.63,2,0.0,0,"新华都,襄阳轴承"
353,财富证券有限责任公司深圳深南大道证券营业部,1,0.0,0,323.7,1,新华都
354,海通证券股份有限公司北京中关村南大街证券营业部,4,2353.8,3,323.7,1,"恒信东方,焦点科技,天宇股份,"
355,长江证券股份有限公司深圳科苑南路证券营业部,1,549.51,1,0.0,0,茂硕电源
356,华福证券有限责任公司上海宛平南路证券营业部,1,501.87,1,0.0,0,茂硕电源
357,华福证券有限责任公司永安新府路证券营业部,3,1608.71,2,1378.25,1,"华通热力,茂硕电源"
358,国泰君安证券股份有限公司成都北一环路证券营业部,11,16670.24,11,0.0,0,"金利科技,二六三,红相电力,"
359,华泰证券股份有限公司黄冈赤壁大道证券营业部,1,0.0,0,229.6,1,茂硕电源
360,第一创业证券股份有限公司上海长清路证券营业部,4,667.98,2,297.96,2,"盐津铺子,铭普光磁"
361,川财证券有限责任公司成都益州大道证券营业部,1,0.0,0,210.46,1,茂硕电源
362,华龙证券股份有限公司重庆新华路证券营业部,1,939.76,1,0.0,0,盛路通信
363,中泰证券股份有限公司深圳红荔路银荔大厦证券营业部,2,684.17,2,0.0,0,盐津铺子
364,华泰证券股份有限公司武汉新华路证券营业部,3,740.66,1,4234.98,2,"盛路通信,弘信电子,韦尔股份"
365,大同证券有限责任公司成都天久南街证券营业部,1,0.0,0,150.75,1,茂硕电源
366,招商证券股份有限公司北京车公庄西路证券营业部,1,0.0,0,1684.42,1,盛路通信
367,中国银河证券股份有限公司中山证券营业部,1,0.0,0,149.22,1,茂硕电源
368,中国银河证券股份有限公司北京阜成路证券营业部,1,0.0,0,1118.54,1,盛路通信
369,安信证券股份有限公司南昌胜利路证券营业部,6,6669.26,3,7082.04,3,"二六三,天玑科技,合金投资"
370,中信建投证券股份有限公司南京江宁金箔路证券营业部,1,0.0,0,976.6,1,盛路通信
371,广发证券股份有限公司辽阳民主路证券营业部,1,873.99,1,0.0,0,嘉麟杰
372,国泰君安证券股份有限公司四平中央西路证券营业部,3,4903.05,1,9538.78,2,盐津铺子
373,海通证券股份有限公司杭州解放路证券营业部,5,4998.57,4,509.66,1,"韦尔股份,森霸股份,嘉麟杰,"
374,中泰证券股份有限公司上海赤峰路证券营业部,3,3374.2,1,11424.45,2,盐津铺子
375,广发证券股份有限公司兰州甘南路证券营业部,1,0.0,0,450.99,1,盛路通信
376,中银国际证券有限责任公司三亚新风路证券营业部,3,2729.79,1,7575.63,2,盐津铺子
377,华鑫证券有限责任公司福州杨桥路证券营业部,2,0.0,0,6286.06,2,盐津铺子
378,国元证券股份有限公司上海东方路证券营业部,1,0.0,0,817.48,1,嘉麟杰
379,东北证券股份有限公司威海统一路证券营业部,2,0.0,0,3264.16,2,二六三
380,中泰证券股份有限公司荣成石岛黄海中路证券营业部,1,0.0,0,607.7,1,嘉麟杰
381,光大证券股份有限公司海口国贸大道证券营业部,3,405.61,1,1328.4,2,"和顺电气,弘信电子,嘉麟杰"
382,新时代证券股份有限公司宜昌东山大道证券营业部,1,0.0,0,484.32,1,嘉麟杰
383,南京证券股份有限公司张家港步行街证券营业部,6,5109.51,3,5036.25,3,"美格智能,广和通"
384,申万宏源证券有限公司杭州密渡桥路证券营业部,1,650.36,1,0.0,0,瀛通通讯
385,中信证券股份有限公司临安钱王街证券营业部,1,917.87,1,0.0,0,川恒股份
386,德邦证券股份有限公司上海凉城路证券营业部,2,384.29,1,805.46,1,美格智能
387,中国中投证券有限责任公司深圳分公司,2,1326.99,2,0.0,0,川恒股份
388,东兴证券股份有限公司福州五一北路证券营业部,4,1894.57,3,494.25,1,"瀛通通讯,供销大集,万马科技"
389,长江证券股份有限公司北京百万庄大街证券营业部,1,329.39,1,0.0,0,美格智能
390,上海证券有限责任公司莘庄证券营业部,1,432.69,1,0.0,0,瀛通通讯
391,国信证券股份有限公司义乌城北路证券营业部,2,901.85,2,0.0,0,"英派斯,赛隆药业"
392,华安证券股份有限公司合肥润安大厦证券营业部,1,0.0,0,1253.23,1,美格智能
393,华龙证券股份有限公司深圳民田路证券营业部,1,0.0,0,689.55,1,瀛通通讯
394,南京证券股份有限公司上海番禺路证券营业部,3,917.71,2,967.67,1,美格智能
395,西藏东方财富证券股份有限公司上海东方路证券营业部,4,457.11,1,3278.1,3,"索通发展,瀛通通讯,广东骏亚,"
396,华林证券股份有限公司开平东兴大道证券营业部,1,315.16,1,0.0,0,赛隆药业
397,国都证券股份有限公司江苏分公司,1,0.0,0,300.41,1,美格智能
398,国泰君安证券股份有限公司上海威海路证券营业部,2,0.0,0,931.15,2,"供销大集,川恒股份"
399,长江证券股份有限公司沈阳三好街证券营业部,1,0.0,0,556.59,1,川恒股份
400,国信证券股份有限公司福州五一中路证券营业部,2,0.0,0,730.0,2,"皮阿诺,美格智能"
401,中国中投证券有限责任公司南京中央路证券营业部,1,0.0,0,603.46,1,赛隆药业
402,国盛证券有限责任公司许昌莲城大道证券营业部,1,0.0,0,268.47,1,赛隆药业
403,信达证券股份有限公司辽阳武圣路证券营业部,1,16.81,1,0.0,0,大博医疗
404,国信证券股份有限公司广州东风中路证券营业部,3,0.0,0,17.88,3,"森霸股份,哈三联,大博医疗"
405,中国银河证券股份有限公司成都科华北路证券营业部,5,3071.94,2,4950.66,3,"美格智能,英派斯,启迪设计"
406,中信建投证券股份有限公司郴州解放路证券营业部,1,1084.02,1,0.0,0,英派斯
407,方正证券股份有限公司北京玉带河东街证券营业部,2,548.05,1,510.38,1,哈三联
408,方正证券股份有限公司杭州滨江通和路证券营业部,2,310.06,1,260.62,1,哈三联
409,方正证券股份有限公司郑州渠东路证券营业部,1,250.14,1,0.0,0,哈三联
410,方正证券股份有限公司天台寒山路证券营业部,1,149.69,1,0.0,0,哈三联
411,方正证券股份有限公司天津复康路证券营业部,2,160.96,1,667.14,1,"大博医疗,英派斯"
412,爱建证券有限责任公司武汉建设大道证券营业部,1,0.0,0,332.38,1,英派斯
413,信达证券股份有限公司丹东宽甸证券营业部,1,0.0,0,247.86,1,英派斯
414,中国中投证券有限责任公司广州体育东路证券营业部,3,5581.5,2,2871.85,1,启迪设计
415,华泰证券股份有限公司南京解放路证券营业部,14,14684.47,9,6650.53,5,"启迪设计,杭州园林,广和通,"
416,华鑫证券有限责任公司深圳益田路证券营业部,4,3821.32,3,1118.13,1,"哈三联,启迪设计,东方市场"
417,银泰证券有限责任公司成都顺城大街证券营业部,1,0.0,0,693.36,1,启迪设计
418,广发证券股份有限公司苏州苏州大道东证券营业部,2,0.0,0,1730.6,2,启迪设计
419,广发证券股份有限公司晋江长兴路证券营业部,1,0.0,0,406.88,1,启迪设计
420,光大证券股份有限公司奉化南山路证券营业部,6,2301.34,4,870.06,2,"华通热力,新劲刚,启迪设计,"
421,浙商证券股份有限公司上海浦东南路证券营业部,3,2866.1,2,1438.25,1,"恒信东方,富瀚微"
422,华泰证券股份有限公司深圳竹子林四路证券营业部,1,581.0,1,0.0,0,恒信东方
423,光大证券股份有限公司北京东中街证券营业部,1,474.96,1,0.0,0,恒信东方
424,中信建投证券股份有限公司北京安立路证券营业部,2,0.0,0,2577.38,2,恒信东方
425,开源证券股份有限公司沈阳大南街证券营业部,1,0.0,0,840.24,1,恒信东方
426,华鑫证券有限责任公司上海嘉定棋盘路证券营业部,3,158.47,2,183.34,1,"森霸股份,铭普光磁"
427,国信证券股份有限公司厦门湖滨北路营业部,2,1.14,2,0.0,0,"铭普光磁,九典制药"
428,华鑫证券有限责任公司重庆江北城西大街证券营业部,1,1.02,1,0.0,0,铭普光磁
429,大同证券有限责任公司太原青年路证券营业部,1,0.0,0,1.02,1,铭普光磁
430,东莞证券股份有限公司东莞长安分公司,1,0.0,0,1.02,1,铭普光磁
431,国联证券股份有限公司无锡县前东街证券营业部,1,0.0,0,1.02,1,铭普光磁
432,招商证券股份有限公司深圳科技园高新南一道证券营业部,1,101.13,1,0.0,0,华录百纳
433,海通证券股份有限公司大庆经三街证券营业部,1,1001.45,1,0.0,0,中富通
434,广发证券股份有限公司吴江仲英大道证券营业部,1,91.98,1,0.0,0,华录百纳
435,东方证券股份有限公司太原高新街证券营业部,3,3755.38,2,2205.72,1,川金诺
436,万联证券股份有限公司厦门湖滨南路证券营业部,1,904.45,1,0.0,0,中富通
437,中国银河证券股份有限公司临汾解放东路证券营业部,1,73.51,1,0.0,0,华录百纳
438,华泰证券股份有限公司天津东丽开发区二纬路证券营业部,3,1828.33,2,5148.16,1,"川金诺,中科信息"
439,广发证券股份有限公司成都新光路证券营业部,1,589.15,1,0.0,0,川金诺
440,长江证券股份有限公司宿州银河一路证券营业部,1,440.8,1,0.0,0,中富通
441,华宝证券有限责任公司舟山解放西路证券营业部,3,10351.53,2,2354.84,1,"盐湖股份,启迪设计"
442,东北证券股份有限公司上海虹口区吴淞路证券营业部,1,475.82,1,0.0,0,川金诺
443,华泰证券股份有限公司合肥长江东大街证券营业部,1,342.12,1,0.0,0,中富通
444,江海证券有限公司上海瞿溪路证券营业部,1,0.0,0,2383.05,1,中富通
445,太平洋证券股份有限公司昆明东川兴玉路证券营业部,2,0.0,0,3530.89,2,川金诺
446,开源证券股份有限公司四川分公司,1,0.0,0,1826.45,1,中富通
447,华泰证券股份有限公司南京中山北路第二证券营业部,1,0.0,0,314.32,1,华录百纳
448,国联证券股份有限公司上海邯郸路证券营业部,1,0.0,0,659.07,1,川金诺
449,华安证券股份有限公司厦门吕岭路证券营业部,3,0.0,0,981.14,3,华录百纳
450,湘财证券股份有限公司深圳深南大道证券营业部,1,317.79,1,0.0,0,江龙船艇
451,浙商证券股份有限公司宁波沧海路证券营业部,1,0.0,0,932.01,1,中富通
452,中国银河证券股份有限公司郑州经三路证券营业部,1,0.0,0,307.98,1,川金诺
453,中国银河证券股份有限公司佛山顺德大良证券营业部,1,283.23,1,0.0,0,江龙船艇
454,华泰证券股份有限公司孝感长征路证券营业部,6,3755.83,2,7464.75,4,"中科信息,华北高速,启迪设计,"
455,光大证券股份有限公司金华宾虹路证券营业部,3,1733.7,1,2740.49,2,"哈三联,启迪设计"
456,申万宏源证券有限公司金华八一北街证券营业部,4,1805.17,2,2611.88,2,达安股份
457,国泰君安证券股份有限公司抚州赣东大道证券营业部,1,501.44,1,0.0,0,新劲刚
458,中信建投证券股份有限公司成都南一环路证券营业部,1,611.11,1,0.0,0,吉大通信
459,中国银河证券股份有限公司宁波柳汀街证券营业部,3,968.71,2,918.26,1,"达安股份,元成股份"
460,华泰证券股份有限公司常州和平北路证券营业部,1,418.26,1,0.0,0,新劲刚
461,长城证券股份有限公司成都天晖中街证券营业部,5,2146.72,2,5819.21,3,"达安股份,弘信电子"
462,中信证券（山东）有限责任公司郑州农业东路证券营业部,1,400.43,1,0.0,0,新劲刚
463,东兴证券股份有限公司永安牺和路证券营业部,1,382.0,1,0.0,0,达安股份
464,中信证券股份有限公司浙江分公司,2,31.9,1,1010.82,1,"辰欣药业,新劲刚"
465,国泰君安证券股份有限公司南京中央路证券营业部,7,5593.42,5,2659.41,2,"吉大通信,杭州园林,中通国脉,"
466,西南证券股份有限公司西宁五四大街证券营业部,5,3295.57,3,2371.14,2,"新华都,弘信电子,杭州园林,"
467,东莞证券股份有限公司东莞虎门分公司,1,0.0,0,596.43,1,广和通
468,中信证券股份有限公司上海牡丹江路证券营业部,4,15041.6,3,4228.82,1,"士兰微,恒银金融,弘信电子"
469,长城证券股份有限公司大连五惠路证券营业部,1,1873.37,1,0.0,0,弘信电子
470,中信证券股份有限公司上海古北路证券营业部,1,1223.78,1,0.0,0,弘信电子
471,中国银河证券股份有限公司上海中山北路证券营业部,1,0.0,0,1370.95,1,弘信电子
472,华鑫证券有限责任公司西安西大街证券营业部,3,2031.69,2,801.79,1,"二六三,京威股份,弘信电子"
473,华鑫证券有限责任公司天津平安街证券营业部,1,13.39,1,0.0,0,世纪天鸿
474,信达证券股份有限公司辽阳工农大街证券营业部,1,5.73,1,0.0,0,世纪天鸿
475,安信证券股份有限公司佛山顺德政通路证券营业部,1,0.0,0,0.74,1,世纪天鸿
476,中信证券股份有限公司中山中山四路证券营业部,1,2833.58,1,0.0,0,光威复材
477,中泰证券股份有限公司上海建国中路证券营业部,3,3142.43,2,4435.95,1,"煌上煌,华北高速,光威复材"
478,华泰证券股份有限公司湖南分公司,8,5726.8,5,5559.44,3,"新华都,启迪设计,建科院,"
479,华泰证券股份有限公司盐城分公司,3,573.77,1,11354.83,2,"万马科技,鱼跃医疗"
480,方正证券股份有限公司三门峡黄河中路证券营业部,2,658.65,1,797.08,1,岱勒新材
481,国泰君安证券股份有限公司淮南朝阳东路证券营业部,2,280.05,1,372.79,1,岱勒新材
482,华泰证券股份有限公司哈尔滨宣化街证券营业部,2,593.09,2,0.0,0,"广东骏亚,岱勒新材"
483,方正证券股份有限公司天津解放南路证券营业部,1,185.35,1,0.0,0,岱勒新材
484,中国银河证券股份有限公司西安和平路证券营业部,2,434.85,1,1415.1,1,"电工合金,新华制药"
485,华西证券股份有限公司宜宾北正街证券营业部,2,0.0,0,11.36,2,"拉夏贝尔,岱勒新材"
486,安信证券股份有限公司汕头中山路证券营业部,1,0.0,0,7.55,1,岱勒新材
487,国信证券股份有限公司南海大沥证券营业部,1,0.0,0,6.15,1,岱勒新材
488,国泰君安证券股份有限公司上海嘉定塔城路证券营业部,2,403.44,1,450.09,1,森霸股份
489,方正证券股份有限公司北京阜外大街证券营业部,3,175.36,1,421.44,2,"森霸股份,爱司凯"
490,方正证券股份有限公司郑州金水路证券营业部,1,148.19,1,0.0,0,森霸股份
491,财通证券股份有限公司宁波天童南路证券营业部,1,37.3,1,0.0,0,森霸股份
492,华泰证券股份有限公司南京长江路证券营业部,1,0.0,0,5.44,1,森霸股份
493,申万宏源证券有限公司上海普陀区中山北路证券营业部,1,0.0,0,5.09,1,森霸股份
494,海通证券股份有限公司绍兴劳动路证券营业部,3,616.81,1,53.47,2,"天宇股份,襄阳轴承,拉夏贝尔"
495,华林证券股份有限公司北京北三环东路证券营业部,1,481.33,1,0.0,0,天宇股份
496,中国银河证券股份有限公司厦门嘉禾路证券营业部,1,0.0,0,381.84,1,天宇股份
497,长江证券股份有限公司武汉武珞路证券营业部,2,1322.12,2,0.0,0,"创源文化,西部牧业"
498,浙商证券股份有限公司江苏分公司,2,700.85,1,692.49,1,创源文化
499,华泰证券股份有限公司泰州分公司,1,646.66,1,0.0,0,创源文化
500,信达证券股份有限公司开原新华路证券营业部,1,3.48,1,0.0,0,阿石创
501,渤海证券股份有限公司苏州景德路证券营业部,1,0.0,0,0.96,1,阿石创
502,长城国瑞证券有限公司成都星辉中路证券营业部,1,0.0,0,0.96,1,阿石创
503,方正证券股份有限公司北京安定门外大街证券营业部,1,0.0,0,0.96,1,阿石创
504,海通证券股份有限公司兰州万新南路证券营业部,1,0.0,0,0.96,1,阿石创
505,恒泰证券股份有限公司北京东三环中路证券营业部,1,0.0,0,0.96,1,阿石创
506,中信证券股份有限公司上海张江园区证券营业部,2,36.16,2,0.0,0,傲农生物
507,申万宏源西部证券有限公司乌鲁木齐和平北路证券营业部,1,0.0,0,0.92,1,傲农生物
508,申万宏源西部证券有限公司沈阳十一纬路证券营业部,1,0.0,0,0.92,1,傲农生物
509,渤海证券股份有限公司北京西外大街证券营业部,1,0.0,0,0.92,1,傲农生物
510,东北证券股份有限公司白城中兴东大路证券营业部,1,845.12,1,0.0,0,元成股份
511,长城证券股份有限公司天台劳动路证券营业部,1,397.99,1,0.0,0,元成股份
512,中信证券股份有限公司上海中信广场证券营业部,1,307.48,1,0.0,0,元成股份
513,东兴证券股份有限公司厦门鹭江道证券营业部,3,4226.76,2,1827.06,1,广东骏亚
514,中国中投证券有限责任公司天津南马路证券营业部,1,259.89,1,0.0,0,元成股份
515,中国银河证券股份有限公司青田涌金街证券营业部,1,0.0,0,1075.5,1,元成股份
516,英大证券有限责任公司深圳横岗证券交易营业部,5,1844.0,3,710.72,2,"四通股份,西部牧业,辰欣药业"
517,方正证券股份有限公司六盘水青峰路证券营业部,2,752.32,1,632.66,1,广东骏亚
518,海通证券股份有限公司南京常府街证券营业部,2,515.75,1,1060.01,1,"万马科技,元成股份"
519,中信证券(山东)有限责任公司青岛辽宁路证券营业部,1,302.58,1,0.0,0,四通股份
520,兴业证券股份有限公司广州科学大道证券营业部,1,295.45,1,0.0,0,四通股份
521,中泰证券股份有限公司荣成成山大道证券营业部,1,0.0,0,105.57,1,四通股份
522,华宝证券有限责任公司上海东大名路证券营业部,2,0.0,0,226.02,2,"爱司凯,四通股份"
523,广发证券股份有限公司深圳深南东路证券营业部,1,0.0,0,90.13,1,四通股份
524,中信建投证券股份有限公司潮州市潮枫路证券营业部,1,0.0,0,86.26,1,四通股份
525,宏信证券有限责任公司成都天府大道北段营业部,2,2762.96,2,0.0,0,"红相电力,旭光股份"
526,国泰君安证券股份有限公司上海天山路证券营业部,2,831.92,1,1153.41,1,"旭光股份,纵横通信"
527,国盛证券有限责任公司南昌朝阳中路证券营业部,1,0.0,0,737.66,1,旭光股份
528,东北证券股份有限公司南京标营路证券营业部,1,0.0,0,596.69,1,旭光股份
529,广发证券股份有限公司上海吴兴路证券营业部,1,0.0,0,466.95,1,旭光股份
530,国海证券股份有限公司南宁新民路证券营业部,1,0.0,0,336.87,1,旭光股份
531,东莞证券股份有限公司东莞东城分公司,1,0.0,0,320.67,1,旭光股份
532,东方证券股份有限公司杭州龙井路证券营业部,2,1410.14,1,1116.74,1,梅轮电梯
533,民生证券股份有限公司河南分公司,1,0.0,0,888.97,1,畅联股份
534,华泰证券股份有限公司泉州九一街证券营业部,6,4364.69,3,4079.39,3,"中通国脉,建科院,三超新材"
535,华泰证券股份有限公司重庆春晖路证券营业部,3,1360.78,1,3056.32,2,中通国脉
536,民生证券股份有限公司信用交易部,1,0.0,0,426.21,1,中通国脉
537,爱建证券有限责任公司宁波中山西路证券营业部,1,21.02,1,0.0,0,国芳集团
538,东吴证券股份有限公司台州云西路证券营业部,1,20.7,1,0.0,0,辰欣药业
539,国金证券股份有限公司长沙芙蓉中路证券营业部,1,0.06,1,0.0,0,辰欣药业
540,招商证券股份有限公司深圳前海路证券营业部,1,0.0,0,0.46,1,国芳集团
541,银泰证券有限责任公司苏州葑门西街证券营业部,1,0.0,0,0.46,1,国芳集团
542,国信证券股份有限公司深圳福中一路证券营业部,1,0.0,0,1.68,1,辰欣药业
543,安信证券股份有限公司茂名市文明中路证券营业部,1,0.0,0,0.46,1,国芳集团
544,安信证券股份有限公司韶关惠民北路证券营业部,1,0.0,0,1.68,1,辰欣药业
545,光大证券股份有限公司佛山绿景路证券营业部,6,13503.52,4,11457.64,2,"哈三联,达安股份,甘肃电投,"
546,中国银河证券股份有限公司台州引泉路证券营业部,1,767.29,1,0.0,0,*ST中安
547,西藏东方财富证券股份有限公司拉萨金珠西路第一证券营业部,5,1050.91,2,1614.9,3,"*ST中安,建研院,安凯客车,"
548,国金证券股份有限公司客户资产管理部,1,0.0,0,7495.86,1,*ST中安
549,广发证券股份有限公司南京洪武路证券营业部,1,0.0,0,2810.2,1,*ST中安
550,湘财证券股份有限公司娄底氐星路证券营业部,1,590.11,1,0.0,0,海马汽车
551,金元证券股份有限公司上海杨浦区平凉路证券营业部,2,0.0,0,10109.26,2,海马汽车
552,中信建投证券股份有限公司荆州北京西路证券营业部,1,0.0,0,449.16,1,海马汽车
553,海通证券股份有限公司杭州文化路证券营业部,4,2510.26,2,1129.28,2,"北纬科技,美格智能,海马汽车"
554,招商证券股份有限公司中山中山四路证券营业部,1,0.0,0,177.3,1,海马汽车
555,华泰证券股份有限公司上海静安区威海路证券营业部,2,1768.68,2,0.0,0,"迪安诊断,东方市场"
556,国泰君安证券股份有限公司深圳人民南路证券营业部,1,240.8,1,0.0,0,东方市场
557,中信证券股份有限公司上海南京西路证券营业部,1,0.0,0,48.04,1,东方市场
558,中泰证券股份有限公司上海甘河路证券营业部,1,0.0,0,28.91,1,东方市场
559,东方证券股份有限公司上海浦东新区银城中路证券营业部,2,713.76,1,5515.01,1,"凯撒旅游,富瀚微"
560,中国中投证券有限责任公司青岛延吉路证券营业部,1,180.95,1,0.0,0,凯撒旅游
561,招商证券股份有限公司昆明北京路证券营业部,1,160.92,1,0.0,0,凯撒旅游
562,光大证券股份有限公司南京中山北路证券营业部,1,0.0,0,595.16,1,凯撒旅游
563,中泰证券股份有限公司无锡中山路证券营业部,1,0.0,0,302.41,1,凯撒旅游
564,招商证券股份有限公司北京金融街证券营业部,1,0.0,0,300.62,1,凯撒旅游
565,国泰君安证券股份有限公司吉首人民中路证券营业部,1,0.0,0,212.14,1,凯撒旅游
566,渤海证券股份有限公司天津友谊路证券营业部,1,1190.44,1,0.0,0,天音控股
567,国泰君安证券股份有限公司杭州天目山路证券营业部,1,0.0,0,439.85,1,天音控股
568,中泰证券股份有限公司南京中山南路证券营业部,1,1946.57,1,0.0,0,北纬科技
569,东莞证券股份有限公司厦门分公司,1,0.0,0,1153.61,1,北纬科技
570,光大证券股份有限公司江门发展大道证券营业部,1,0.0,0,956.69,1,北纬科技
571,中信建投证券股份有限公司济南经四路证券营业部,1,0.0,0,863.34,1,北纬科技
572,华福证券有限责任公司福州五一北路证券营业部,1,0.0,0,762.1,1,北纬科技
573,中国中投证券有限责任公司宁波江东北路证券营业部,3,9254.82,3,0.0,0,"华北高速,恒银金融,九典制药"
574,招商证券股份有限公司哈尔滨长江路证券营业部,1,1498.43,1,0.0,0,华北高速
575,安信证券股份有限公司广州开创大道证券营业部,1,0.0,0,876.66,1,华北高速
576,国泰君安证券股份有限公司广州东风中路证券营业部,1,0.0,0,861.7,1,华北高速
577,华鑫证券有限责任公司西安解放路证券营业部,2,434.44,1,662.43,1,"华北高速,大博医疗"
578,中国银河证券股份有限公司绍兴证券营业部,4,8496.69,2,6317.18,2,"士兰微,和佳股份,安凯客车"
579,长城证券股份有限公司北京中关村大街证券营业部,1,1133.11,1,0.0,0,三维通信
580,中国银河证券股份有限公司龙泉华楼街证券营业部,1,0.0,0,597.84,1,三维通信
581,长江证券股份有限公司慈溪新城大道证券营业部,1,0.0,0,559.74,1,三维通信
582,中国中投证券有限责任公司东莞虎门证券营业部,1,0.0,0,404.22,1,三维通信
583,华安证券股份有限公司黄山分公司,1,0.0,0,341.53,1,三维通信
584,南京证券股份有限公司南京热河路证券营业部,1,0.0,0,339.33,1,三维通信
585,中国银河证券股份有限公司重庆民族路证券营业部,7,11143.65,4,8544.84,3,"新华都,中科信息,京威股份"
586,中国中投证券有限责任公司杭州环球中心证券营业部,7,9175.46,5,2622.65,2,"新华都,哈三联,建科院"
587,国盛证券有限责任公司赣州信丰阳明北路证券营业部,1,529.67,1,0.0,0,蓝黛传动
588,中泰证券股份有限公司东营东三路证券营业部,1,202.88,1,0.0,0,蓝黛传动
589,安信证券股份有限公司南昌红谷中大道证券营业部,1,0.0,0,608.36,1,蓝黛传动
590,联储证券有限责任公司北京分公司,1,0.0,0,541.37,1,蓝黛传动
591,恒泰证券股份有限公司深圳香林路证券营业部,1,0.0,0,166.68,1,蓝黛传动
592,国盛证券有限责任公司吉安遂川工农兵大道证券营业部,1,0.0,0,379.43,1,盐津铺子
593,兴业证券股份有限公司晋江崇德路证券营业部,1,618.84,1,0.0,0,美格智能
594,中银国际证券有限责任公司武汉黄孝河路证券营业部,1,882.79,1,0.0,0,二六三
595,中泰证券股份有限公司深圳深南大道证券营业部,1,284.22,1,0.0,0,美格智能
596,中信证券股份有限公司北京安外大街证券营业部,3,0.0,0,7559.38,3,"二六三,科新机电"
597,东兴证券股份有限公司福州斗西路证券营业部,1,0.0,0,317.5,1,美格智能
598,国海证券股份有限公司南宁东葛路证券营业部,3,667.23,1,1279.13,2,"乐心医疗,新华都,二六三"
599,国海证券股份有限公司绍兴人民东路证券营业部,1,0.0,0,266.62,1,美格智能
600,中信证券股份有限公司北京复外大街证券营业部,2,59.23,1,306.72,1,"掌阅科技,二六三"
601,华泰证券股份有限公司嘉兴纺工路证券营业部,2,782.82,1,1211.07,1,皮阿诺
602,光大证券股份有限公司杭州庆春路证券营业部,2,727.57,1,492.67,1,皮阿诺
603,东方证券股份有限公司上海徐汇区肇嘉浜路证券营业部,2,618.09,1,666.66,1,皮阿诺
604,海通证券股份有限公司上海建国西路证券营业部,6,4921.1,3,5055.26,3,"杭州园林,皮阿诺"
605,湘财证券股份有限公司长沙韶山路证券营业部,1,0.0,0,1097.67,1,皮阿诺
606,东吴证券股份有限公司苏州狮山路营业部,1,0.0,0,516.4,1,皮阿诺
607,信达证券股份有限公司北京前门证券营业部,1,0.0,0,352.55,1,皮阿诺
608,华泰证券股份有限公司江阴分公司,2,0.0,0,792.81,2,"皮阿诺,利欧股份"
609,国信证券股份有限公司深圳红岭中路证券营业部,2,3093.21,2,0.0,0,英派斯
610,安信证券股份有限公司北京阜成门证券营业部,2,3287.96,2,0.0,0,英派斯
611,天风证券股份有限公司长沙韶山中路证券营业部,1,503.8,1,0.0,0,英派斯
612,网信证券有限责任公司沈阳兴华南街证券营业部,1,0.0,0,327.13,1,英派斯
613,方正证券股份有限公司岳阳华容迎宾北路证券营业部,1,0.0,0,309.38,1,英派斯
614,中国民族证券有限责任公司宁波中山西路证券营业部,3,1076.1,2,804.44,1,"哈三联,创源文化"
615,信达证券股份有限公司上海铁岭路证券营业部,1,968.4,1,0.0,0,华录百纳
616,华泰证券股份有限公司南京浦泗路证券营业部,1,161.4,1,0.0,0,华录百纳
617,光大证券股份有限公司长沙芙蓉中路证券营业部,1,149.62,1,0.0,0,华录百纳
618,信达证券股份有限公司蚌埠淮河路证券营业部,1,124.92,1,0.0,0,华录百纳
619,大通证券股份有限公司上海民生路证券营业部,1,0.0,0,1081.38,1,华录百纳
620,中国银河证券股份有限公司上海杨浦区靖宇东路证券营业部,3,4807.7,2,1125.02,1,"联创互联,奥联电子"
621,民生证券股份有限公司广州金穗路证券营业部,1,1029.22,1,0.0,0,联创互联
622,申万宏源西部证券有限公司福州杨桥东路证券营业部,1,993.55,1,0.0,0,联创互联
623,英大证券有限责任公司沈阳青年大街证券营业部,1,855.19,1,0.0,0,联创互联
624,信达证券股份有限公司上海黄埔区九江路证券营业部,5,8437.34,5,0.0,0,"鱼跃医疗,迪安诊断,银江股份,"
625,海通证券股份有限公司上海黄浦区福州路证券营业部,1,670.56,1,0.0,0,联创互联
626,中信证券股份有限公司海宁海昌南路证券营业部,1,0.0,0,3354.84,1,联创互联
627,九州证券股份有限公司浙江分公司,1,0.0,0,2013.71,1,联创互联
628,华宝证券有限责任公司深圳新闻路证券营业部,1,0.0,0,1946.91,1,联创互联
629,天风证券股份有限公司深圳平安金融中心证券营业部,1,0.0,0,1889.51,1,联创互联
630,申万宏源证券有限公司扬州扬子江中路证券营业部,1,0.0,0,767.91,1,银江股份
631,中国银河证券股份有限公司武汉光谷证券营业部,1,0.0,0,1802.17,1,联创互联
632,招商证券股份有限公司杭州文三路证券营业部,2,1056.42,1,550.4,1,"安凯客车,银江股份"
633,中信建投证券股份有限公司上海浦东南路证券营业部,1,0.0,0,1384.06,1,天玑科技
634,华泰证券股份有限公司上海牡丹江路证券营业部,1,0.0,0,523.83,1,天玑科技
635,财通证券股份有限公司常熟枫林路证券营业部,1,2562.71,1,0.0,0,达安股份
636,国元证券股份有限公司宣城叠嶂西路证券营业部,3,2568.19,2,1194.44,1,"森霸股份,启迪设计"
637,中信证券股份有限公司深圳滨海大道证券营业部,2,3399.81,2,0.0,0,"盐湖股份,启迪设计"
638,招商证券股份有限公司福州六一中路证券营业部,1,0.0,0,417.08,1,达安股份
639,广发证券股份有限公司郑州农业路营业部,1,0.0,0,1354.28,1,启迪设计
640,国泰君安证券股份有限公司福州华林路证券营业部,1,657.41,1,0.0,0,广和通
641,中信证券股份有限公司上海恒丰路证券营业部,1,527.01,1,0.0,0,广和通
642,安信证券股份有限公司北京远大路证券营业部,2,1110.83,2,0.0,0,"东山精密,广和通"
643,中信建投证券股份有限公司苏州工业园区星海街证券营业部,3,2374.19,2,772.4,1,"中通国脉,安凯客车,建科院"
644,国泰君安证券股份有限公司宁波彩虹北路证券营业部,4,1620.03,2,4807.34,2,"哈三联,中通国脉,京威股份,"
645,申万宏源西部证券有限公司深圳上步中路证券营业部,1,0.0,0,270.39,1,建科院
646,国泰君安证券股份有限公司北京德外大街证券营业部,1,0.0,0,253.97,1,建科院
647,西南证券股份有限公司太原长治路证券营业部,1,295.34,1,0.0,0,电工合金
648,安信证券股份有限公司梅州兴宁迎宾大道证券营业部,3,758.48,1,2865.29,2,"纵横通信,电工合金"
649,中国银河证券股份有限公司南京洪武路证券营业部,1,0.0,0,526.29,1,万马科技
650,海通证券股份有限公司嵊州西前街证券营业部,2,1245.28,2,0.0,0,"华通热力,森霸股份"
651,中信建投证券股份有限公司简阳雄州大道证券营业部,1,410.95,1,0.0,0,天宇股份
652,方正证券股份有限公司绍兴胜利东路证券营业部,3,902.66,2,821.4,1,"中通国脉,天宇股份,三超新材"
653,万联证券股份有限公司东莞簪花路证券营业部,1,0.0,0,371.41,1,天宇股份
654,招商证券股份有限公司深圳东门南路证券营业部,1,0.0,0,368.36,1,天宇股份
655,中国银河证券股份有限公司北京学院南路证券营业部,1,0.0,0,270.88,1,天宇股份
656,申万宏源证券有限公司上海徐汇区龙漕路证券营业部,2,324.27,1,231.89,1,"创源文化,乐心医疗"
657,海通证券股份有限公司江都龙川南路证券营业部,1,282.6,1,0.0,0,创源文化
658,方正证券股份有限公司三河燕郊汉王路证券营业部,1,0.0,0,353.28,1,创源文化
659,宏信证券有限责任公司西安唐延路证券营业部,2,34.97,2,0.0,0,国芳集团
660,中信证券股份有限公司杭州狮山路证券营业部,1,0.0,0,0.5,1,国芳集团
661,中信证券股份有限公司深圳深南大道证券营业部,1,0.0,0,0.5,1,国芳集团
662,中国中投证券有限责任公司济宁环城西路证券营业部,1,11775.7,1,0.0,0,江淮汽车
663,兴业证券股份有限公司厦门湖滨南路证券营业部,1,4505.31,1,0.0,0,江淮汽车
664,申万宏源西部证券有限公司济南文化西路证券营业部,2,5216.12,2,0.0,0,"江淮汽车,开立医疗"
665,长江证券股份有限公司深圳福华一路证券营业部,3,2760.68,1,586.09,2,"江淮汽车,威唐工业,海马汽车"
666,中泰证券股份有限公司上海西安路证券营业部,1,0.0,0,3604.47,1,江淮汽车
667,国泰君安证券股份有限公司襄阳襄城西街证券营业部,1,0.0,0,2667.28,1,江淮汽车
668,国泰君安证券股份有限公司北京知春路证券营业部,2,0.0,0,2223.81,2,"辰欣药业,江淮汽车"
669,兴业证券股份有限公司上海民生路证券营业部,2,1302.74,1,2040.48,1,"新华都,江淮汽车"
670,长江证券股份有限公司成都光华村街证券营业部,2,5651.53,2,0.0,0,"方大炭素,广东骏亚"
671,海通证券股份有限公司常州健身路营业部,2,1300.21,2,0.0,0,广东骏亚
672,华泰证券股份有限公司绍兴府山证券营业部,1,0.0,0,378.9,1,广东骏亚
673,申万宏源西部证券有限公司武汉武大园一路证券营业部,1,2923.05,1,0.0,0,氯碱化工
674,东海证券股份有限公司长沙韶山北路证券营业部,1,2169.37,1,0.0,0,台华新材
675,国金证券股份有限公司成都蒲江县桫椤路证券营业部,1,1128.13,1,0.0,0,台华新材
676,光大证券股份有限公司资产管理总部,1,1031.05,1,0.0,0,氯碱化工
677,方正证券股份有限公司厦门厦禾路证券营业部,2,894.99,1,617.47,1,"台华新材,恒银金融"
678,华泰证券股份有限公司上海黄浦区来福士广场证券营业部,1,402.6,1,0.0,0,氯碱化工
679,湘财证券股份有限公司沈阳绥化西街证券营业部,4,853.86,2,1015.3,2,"原尚股份,大理药业,台华新材"
680,国金证券股份有限公司上海浦东新区芳甸路证券营业部,3,382.62,1,2322.18,2,"梅轮电梯,二六三,氯碱化工"
681,中信证券股份有限公司上海安亭证券营业部,2,6241.17,1,243.54,1,"士兰微,氯碱化工"
682,平安证券股份有限公司广东分公司,1,0.0,0,175.0,1,氯碱化工
683,东海证券股份有限公司常州劳动西路证券营业部,1,0.0,0,162.24,1,氯碱化工
684,信达证券股份有限公司北京北辰东路证券营业部,1,2187.64,1,0.0,0,金域医学
685,中国中投证券有限责任公司扬州邗江北路证券营业部,2,0.0,0,2006.24,2,"天目湖,金域医学"
686,华泰证券股份有限公司无锡解放北路证券营业部,2,2021.13,1,1652.65,1,"万东医疗,金域医学"
687,方正证券股份有限公司成都高升桥路证券营业部,2,1178.79,2,0.0,0,"甘肃电投,天目湖"
688,华鑫证券有限责任公司深圳分公司,2,27.47,2,0.0,0,"天目湖,铭普光磁"
689,中国中投证券有限责任公司广州滨江东路证券营业部,1,6.23,1,0.0,0,天目湖
690,中信证券股份有限公司东阳中山路证券营业部,2,0.0,0,256.88,2,"钧达股份,天目湖"
691,信达证券股份有限公司阜新阜蒙证券营业部,2,58.23,2,0.0,0,"掌阅科技,阿石创"
692,平安证券股份有限公司深圳商报路奥林匹克大厦证券营业部,1,0.0,0,3.77,1,天目湖
693,中国中投证券有限责任公司重庆民权路证券营业部,1,22.6,1,0.0,0,掌阅科技
694,平安证券股份有限公司长沙五一大道证券营业部,1,0.0,0,3.77,1,天目湖
695,华安证券股份有限公司安庆龙山路证券营业部,1,0.0,0,1.97,1,掌阅科技
696,申万宏源证券有限公司广州天河北路证券营业部,1,0.0,0,3.77,1,天目湖
697,华鑫证券有限责任公司北京菜市口大街证券营业部,3,3489.88,2,2111.49,1,恒银金融
698,华福证券有限责任公司莆田为民路证券营业部,1,1380.53,1,0.0,0,恒银金融
699,申万宏源证券有限公司泸州广凤路证券营业部,1,1357.9,1,0.0,0,恒银金融
700,中信证券股份有限公司杭州文三路证券营业部,1,6524.14,1,0.0,0,士兰微
701,财通证券股份有限公司,1,740.76,1,0.0,0,格力地产
702,江海证券有限公司哈尔滨香山路证券营业部,1,0.0,0,5805.4,1,士兰微
703,中信证券股份有限公司,1,444.16,1,0.0,0,格力地产
704,开源证券股份有限公司,1,174.54,1,0.0,0,格力地产
705,中银国际证券有限责任公司牡丹江西平安街证券营业部,1,0.0,0,4986.74,1,士兰微
706,中国民族证券有限责任公司,1,157.87,1,0.0,0,格力地产
707,东方证券股份有限公司抚顺裕民路证券营业部,1,0.0,0,3481.7,1,士兰微
708,湘财证券股份有限公司,1,145.89,1,0.0,0,格力地产
709,华鑫证券有限责任公司西安阎良红安路证券营业部,3,3400.67,3,0.0,0,"九安医疗,海马汽车,乐心医疗"
710,华泰证券股份有限公司深圳龙岗黄阁北路证券营业部,1,4648.0,1,0.0,0,供销大集
711,兴业证券股份有限公司山东分公司,1,1101.49,1,0.0,0,新华制药
712,国泰君安证券股份有限公司哈尔滨尚志大街证券营业部,1,656.61,1,0.0,0,供销大集
713,万联证券股份有限公司深圳福华一路证券营业部,2,1221.92,2,0.0,0,东方市场
714,万联证券股份有限公司南昌丰和中大道证券营业部,1,1278.22,1,0.0,0,海马汽车
715,湘财证券股份有限公司义乌篁园路证券营业部,3,614.2,3,0.0,0,"供销大集,世纪天鸿,亚士创能"
716,光大证券股份有限公司宁波解放南路证券营业部,3,2122.23,3,0.0,0,"东方市场,甘肃电投"
717,东方证券股份有限公司上海浦东新区张杨路证券营业部,2,0.0,0,12785.1,2,"英飞特,供销大集"
718,东兴证券股份有限公司北京北四环中路证券营业部,1,0.0,0,10082.5,1,供销大集
719,财达证券股份有限公司邯郸水院北路证券营业部,2,0.0,0,259.49,2,东方市场
720,上海华信证券有限责任公司上海宜山路证券营业部,1,0.0,0,6611.72,1,供销大集
721,中国银河证券股份有限公司兰溪三江路证券营业部,1,199.53,1,0.0,0,*ST三维
722,申万宏源证券有限公司上海徐汇区上中西路证券营业部,2,0.0,0,190.62,2,东方市场
723,恒泰证券股份有限公司上海小木桥路证券营业部,1,172.76,1,0.0,0,*ST三维
724,大通证券股份有限公司大连民意街证券营业部,1,0.0,0,562.58,1,海马汽车
725,东吴证券股份有限公司苏州西北街证券营业部,1,0.0,0,47.55,1,东方市场
726,中国银河证券股份有限公司深圳福永大道证券营业部,2,169.42,1,706.1,1,"*ST三维,奥联电子"
727,中信建投证券股份有限公司天津滨海新区展望路证券营业部,1,0.0,0,108.4,1,供销大集
728,华泰证券股份有限公司上海长宁区仙霞路证券营业部,3,1966.22,2,681.58,1,"丝路视觉,奥联电子,新华制药"
729,东北证券股份有限公司武汉香港路证券营业部,1,158.26,1,0.0,0,*ST三维
730,中原证券股份有限公司上海第一分公司,1,0.0,0,364.23,1,*ST三维
731,中银国际证券有限责任公司深圳中心四路证券营业部,1,0.0,0,183.45,1,*ST三维
732,方正证券股份有限公司杭州南山路证券营业部,2,0.0,0,2385.22,2,"安凯客车,*ST三维"
733,光大证券股份有限公司宁波甬江大道证券营业部,1,5278.56,1,0.0,0,利欧股份
734,西南证券股份有限公司北京海淀证券营业部,1,2865.42,1,0.0,0,智慧农业
735,中信证券股份有限公司上海世纪大道证券营业部,2,6476.8,1,4093.89,1,鱼跃医疗
736,安信证券股份有限公司深圳益田路证券营业部,1,652.2,1,0.0,0,智慧农业
737,海通证券股份有限公司嘉兴中山西路证券营业部,1,2876.32,1,0.0,0,盐湖股份
738,华泰证券股份有限公司深圳侨香路证券营业部,2,1840.09,2,0.0,0,"和佳股份,智慧农业"
739,方正证券股份有限公司重庆江北嘴证券营业部,1,1246.66,1,0.0,0,安凯客车
740,中国国际金融股份有限公司上海黄浦区湖滨路证券营业部,1,1240.97,1,0.0,0,鱼跃医疗
741,中泰证券股份有限公司上海陆家嘴浦电路证券营业部,1,514.55,1,0.0,0,智慧农业
742,信达证券股份有限公司温州新城大道证券营业部,1,0.0,0,1350.61,1,智慧农业
743,国泰君安证券股份有限公司三亚迎宾路证券营业部,1,1242.97,1,0.0,0,安凯客车
744,华泰证券股份有限公司无锡永乐路证券营业部,1,0.0,0,1159.65,1,智慧农业
745,国信证券股份有限公司南京洪武路证券营业部,1,0.0,0,1100.39,1,智慧农业
746,中信证券股份有限公司温岭万昌中路证券营业部,3,564.55,1,1463.18,2,"启迪设计,利欧股份,美格智能"
747,申万宏源证券有限公司深圳金田路证券营业部,1,0.0,0,1085.0,1,智慧农业
748,中国国际金融股份有限公司上海浦东新区世纪大道证券营业部,1,0.0,0,7693.08,1,鱼跃医疗
749,中国银河证券股份有限公司杭州艮山西路证券营业部,2,0.0,0,8092.31,2,"盐湖股份,建研院"
750,信达证券股份有限公司沈阳惠工街证券营业部,1,0.0,0,689.75,1,利欧股份
751,招商证券股份有限公司深圳益田路免税商务大厦证券营业部,2,0.0,0,7737.81,2,"智慧农业,方大炭素"
752,安信证券股份有限公司上海杨浦区殷行路证券营业部,1,0.0,0,7228.63,1,鱼跃医疗
753,东方证券股份有限公司上海浦东新区耀华路证券营业部,1,0.0,0,6360.42,1,盐湖股份
754,国元证券股份有限公司淮南朝阳西路证券营业部,3,1200.88,1,3502.33,2,"京威股份,焦点科技,杭州园林"
755,方正证券股份有限公司上海杨高北路证券营业部,1,955.9,1,0.0,0,京威股份
756,中信证券股份有限公司金华中山路证券营业部,3,1483.26,2,1105.45,1,"京威股份,焦点科技,杭州园林"
757,银泰证券有限责任公司上海新村路证券营业部,2,0.0,0,3230.64,2,京威股份
758,东北证券股份有限公司长春东风大街证券营业部,1,0.0,0,478.17,1,京威股份
759,信达证券股份有限公司上海闵行区七莘路证券营业部,1,0.0,0,432.92,1,京威股份
760,中国银河证券股份有限公司襄阳证券营业部,1,0.0,0,261.49,1,京威股份
761,申万宏源证券有限公司上海闸北区洛川东路证券营业部,1,0.0,0,240.17,1,京威股份
762,华宝证券有限责任公司上海西藏中路证券营业部,1,1300.12,1,0.0,0,新华都
763,中国银河证券股份有限公司深圳罗湖证券营业部,1,0.0,0,1131.52,1,新华都
764,安信证券股份有限公司梅州新中路证券营业部,1,1000.82,1,0.0,0,焦点科技
765,中信建投证券股份有限公司重庆龙山路证券营业部,1,695.4,1,0.0,0,焦点科技
766,中山证券有限责任公司上海花园石桥路证券营业部,1,542.29,1,0.0,0,焦点科技
767,东北证券股份有限公司上海世纪大道证券营业部,1,0.0,0,2360.9,1,焦点科技
768,方正证券股份有限公司上海西藏南路证券营业部,1,0.0,0,1591.3,1,焦点科技
769,西南证券股份有限公司杭州庆春东路证券营业部,1,1316.09,1,0.0,0,皮阿诺
770,西部证券股份有限公司西安未央路第二证券营业部,1,672.06,1,0.0,0,皮阿诺
771,国元证券股份有限公司重庆观音桥步行街证券营业部,1,567.23,1,0.0,0,皮阿诺
772,华西证券股份有限公司深圳民田路证券营业部,1,454.49,1,0.0,0,皮阿诺
773,国联证券股份有限公司无锡五爱北路证券营业部,1,2584.9,1,0.0,0,二六三
774,国海证券股份有限公司桂林中山中路证券营业部,2,2816.77,2,0.0,0,"二六三,四通股份"
775,中国中投证券有限责任公司广州番禺桥南路证券营业部,1,2010.87,1,0.0,0,二六三
776,申万宏源西部证券有限公司北京丰北路证券营业部,1,0.0,0,2799.92,1,二六三
777,中国银河证券股份有限公司北京来广营证券营业部,1,0.0,0,2114.77,1,二六三
778,银泰证券有限责任公司北京马甸路证券营业部,1,379.95,1,0.0,0,瀛通通讯
779,兴业证券股份有限公司厦门鹭江道路证券营业部,1,374.24,1,0.0,0,瀛通通讯
780,华泰证券股份有限公司莱阳昌山路证券营业部,1,0.0,0,248.71,1,瀛通通讯
781,南京证券股份有限公司宁波锦寓路证券营业部,1,0.0,0,239.19,1,瀛通通讯
782,中信建投证券股份有限公司北京北辰西路证券营业部,1,0.0,0,517.82,1,美格智能
783,国泰君安证券股份有限公司重庆中山三路证券营业部,2,338.93,1,413.25,1,美格智能
784,东海证券股份有限公司北京安立路证券营业部,2,518.74,1,550.21,1,华通热力
785,万联证券股份有限公司东莞常平振兴三街证券营业部,1,0.0,0,508.58,1,华通热力
786,东方证券股份有限公司广州宝岗大道证券营业部,1,0.0,0,123.54,1,华通热力
787,华泰证券股份有限公司深圳益田路证券营业部,2,0.0,0,451.95,2,华通热力
788,光大证券股份有限公司上海淮海中路证券营业部,1,0.0,0,84.13,1,华通热力
789,华鑫证券有限责任公司珠海海滨南路证券营业部,1,816.88,1,0.0,0,科新机电
790,华西证券股份有限公司成都西玉龙街证券营业部,1,227.58,1,0.0,0,科新机电
791,安信证券股份有限公司东莞常平大道证券营业部,1,216.81,1,0.0,0,科新机电
792,中国银河证券股份有限公司德清证券营业部,1,0.0,0,651.95,1,科新机电
793,西南证券股份有限公司成都天府大道证券营业部,1,0.0,0,575.04,1,科新机电
794,华泰证券股份有限公司南通通州人民路证券营业部,1,1210.85,1,0.0,0,卫宁健康
795,广发证券股份有限公司北京朝阳门证券营业部,1,0.0,0,642.14,1,卫宁健康
796,中信证券股份有限公司杭州杭大路证券营业部,2,0.0,0,4554.02,2,"安凯客车,卫宁健康"
797,长江证券股份有限公司上海世纪大道证券营业部,1,1397.09,1,0.0,0,迪安诊断
798,国信证券股份有限公司深圳龙华证券营业部,1,0.0,0,1596.47,1,迪安诊断
799,信达证券股份有限公司北京西单北大街证券营业部,1,0.0,0,1371.51,1,迪安诊断
800,五矿证券有限公司杭州民心路证券营业部,1,0.0,0,1096.8,1,迪安诊断
801,光大证券股份有限公司上海世纪大道证券营业部,2,980.62,1,599.8,1,"哈三联,迪安诊断"
802,财达证券股份有限公司商丘神火大道证券营业部,1,723.48,1,0.0,0,启迪设计
803,财通证券股份有限公司海宁水月亭西路证券营业部,1,431.04,1,0.0,0,启迪设计
804,东吴证券股份有限公司苏州胥江路证券营业部,1,0.0,0,747.29,1,启迪设计
805,国信证券股份有限公司贵阳中华北路证券营业部,1,0.0,0,593.89,1,启迪设计
806,广州证券股份有限公司青岛福州南路证券营业部,2,548.85,1,613.76,1,"太辰光,英科医疗"
807,国泰君安证券股份有限公司上海静安区南京西路证券营业部,2,3121.94,2,0.0,0,"云铝股份,太辰光"
808,信达证券股份有限公司茂名迎宾路证券营业部,1,1241.19,1,0.0,0,川金诺
809,中信证券股份有限公司湖北分公司,3,1099.56,1,3856.8,2,"杭州园林,太辰光"
810,中泰证券股份有限公司武汉宝丰路证券营业部,2,3846.14,2,0.0,0,"和佳股份,西部牧业"
811,中信建投证券股份有限公司成都马家花园证券营业部,1,0.0,0,956.26,1,太辰光
812,华鑫证券有限责任公司广州广州大道中证券营业部,3,3653.05,1,4950.98,2,"恒银金融,太辰光"
813,国信证券股份有限公司佛山季华六路证券营业部,1,0.0,0,1221.07,1,川金诺
814,中信建投证券股份有限公司合肥长江西路证券营业部,1,0.0,0,1704.73,1,和佳股份
815,西部证券股份有限公司深圳科苑路证券营业部,1,0.0,0,1349.22,1,和佳股份
816,财通证券股份有限公司杭州江滨西大道证券营业部,1,0.0,0,1113.27,1,和佳股份
817,安信证券股份有限公司成都领事馆路证券营业部,1,0.0,0,949.58,1,和佳股份
818,国联证券股份有限公司成都锦城大道证券营业部,2,385.97,1,654.55,1,"奥联电子,爱司凯"
819,光大证券股份有限公司象山县象山港路证券营业部,1,768.17,1,0.0,0,达安股份
820,安信证券股份有限公司广州番禺万达广场证券营业部,1,578.23,1,0.0,0,达安股份
821,西藏东方财富证券股份有限公司慈溪三北西大街证券营业部,3,1268.02,1,2835.86,2,"中科信息,杭州园林,达安股份"
822,中原证券股份有限公司焦作分公司,1,0.0,0,949.69,1,达安股份
823,华鑫证券有限责任公司宁波沧海路证券营业部,2,1727.63,2,0.0,0,"岱勒新材,钧达股份"
824,万联证券股份有限公司绍兴解放南路证券营业部,1,0.0,0,694.84,1,岱勒新材
825,申万宏源西部证券有限公司南宁英华路证券营业部,3,2209.07,2,1099.08,1,中科信息
826,中信建投证券股份有限公司温州大南路证券营业部,2,1120.1,1,990.77,1,中科信息
827,国金证券股份有限公司成都双元街证券营业部,2,562.86,1,420.06,1,森霸股份
828,广发证券股份有限公司杭州钱江路证券营业部,1,0.0,0,2927.65,1,中科信息
829,广发证券股份有限公司杭州市天目山路证券营业部,1,0.0,0,1473.96,1,中科信息
830,爱建证券有限责任公司广州黄埔大道西证券营业部,1,8.91,1,0.0,0,九典制药
831,广发证券股份有限公司南京北京东路证券营业部,1,0.0,0,0.75,1,九典制药
832,广发证券股份有限公司韶关解放路证券营业部,1,0.0,0,0.75,1,九典制药
833,川财证券有限责任公司成都中新街证券营业部,1,14.12,1,0.0,0,威唐工业
834,国海证券股份有限公司南宁双拥路证券营业部,1,0.0,0,0.75,1,九典制药
835,爱建证券有限责任公司上海世纪大道证券营业部,2,18.5,2,0.0,0,"铭普光磁,威唐工业"
836,华鑫证券有限责任公司上海莘庄证券营业部,1,0.18,1,0.0,0,威唐工业
837,安信证券股份有限公司深圳沙头角证券营业部,1,0.0,0,1.09,1,威唐工业
838,长城证券股份有限公司前海分公司,1,0.0,0,1.09,1,威唐工业
839,国泰君安证券股份有限公司青岛南京路证券营业部,1,0.0,0,1.09,1,威唐工业
840,国泰君安证券股份有限公司顺德大良证券营业部,2,3278.86,1,1.09,1,"京威股份,威唐工业"
841,太平洋证券股份有限公司辽宁分公司,1,0.0,0,2.03,1,辰欣药业
842,国信证券股份有限公司北京朝阳北路证券营业部,1,0.0,0,2.03,1,辰欣药业
843,九州证券股份有限公司新疆分公司,1,655.67,1,0.0,0,万东医疗
844,申万宏源证券有限公司上海第二分公司,2,655.56,1,415.14,1,万东医疗
845,光大证券股份有限公司深圳龙华人民北路证券营业部,1,0.0,0,1024.66,1,万东医疗
846,国信证券股份有限公司烟台南大街证券营业部,2,0.0,0,1119.02,2,"和顺电气,万东医疗"
847,申万宏源证券有限公司淮安淮海西路证券营业部,1,0.0,0,588.26,1,万东医疗
848,海通证券股份有限公司长沙五一大道证券营业部,4,2102.97,2,1323.0,2,原尚股份
849,国泰君安证券股份有限公司深圳上步中路证券营业部,1,657.23,1,0.0,0,原尚股份
850,湘财证券股份有限公司福州东街证券营业部,2,712.58,1,734.17,1,原尚股份
851,中信证券（山东）有限责任公司淄博柳泉路证券营业部,2,0.0,0,1525.65,2,"英科医疗,掌阅科技"
852,广发证券股份有限公司沈阳北二中路证券营业部,1,0.0,0,2.25,1,掌阅科技
853,财通证券股份有限公司淳安新安大街证券营业部,1,0.0,0,1.25,1,掌阅科技
854,招商证券股份有限公司深圳深南东路证券营业部,1,0.0,0,1.25,1,掌阅科技
855,西南证券股份有限公司深圳滨河大道证券营业部,3,3495.97,2,1997.73,1,中通国脉
856,国泰君安证券股份有限公司台州临海证券营业部,1,650.19,1,0.0,0,纵横通信
857,海通证券股份有限公司肥城新城路证券营业部,1,0.0,0,2.12,1,傲农生物
858,南京证券股份有限公司深圳科园路证券营业部,1,570.69,1,0.0,0,纵横通信
859,方正证券股份有限公司贵阳中华中路证券营业部,1,0.0,0,2.03,1,傲农生物
860,方正证券股份有限公司南京文澜路证券营业部,1,0.0,0,1339.2,1,恒银金融
861,财富证券有限责任公司福州鳌峰路证券营业部,1,674.32,1,0.0,0,大理药业
862,德邦证券股份有限公司上海岳州路营业部,1,525.26,1,0.0,0,大理药业
863,华鑫证券有限责任公司贵州分公司,1,307.46,1,0.0,0,大理药业
864,湘财证券股份有限公司上海泰兴路证券营业部,2,1931.28,2,0.0,0,"乐心医疗,亚士创能"
865,太平洋证券股份有限公司开远灵泉东路营业部,1,0.0,0,4.96,1,亚士创能
866,申万宏源西部证券有限公司盐城解放北路证券营业部,1,0.0,0,2.48,1,亚士创能
867,新时代证券股份有限公司北京马家堡西路证券营业部,1,807.85,1,0.0,0,四通股份
868,国信证券股份有限公司昆明安康路证券营业部,2,0.0,0,773.1,2,"世纪天鸿,四通股份"
869,广发证券股份有限公司上海天山路证券营业部,2,0.0,0,1136.09,2,"当代明诚,四通股份"
870,安信证券股份有限公司上海樱花路证券营业部,1,350.28,1,0.0,0,拉夏贝尔
871,国融证券股份有限公司宁波翔云路证券营业部,1,225.8,1,0.0,0,拉夏贝尔
872,广发证券股份有限公司潮州潮枫路证券营业部,1,0.0,0,551.93,1,四通股份
873,爱建证券有限责任公司宁波\闸街证券营业部,1,93.97,1,0.0,0,拉夏贝尔
874,中国中投证券有限责任公司成都新津五津北路证券营业部,1,51.78,1,0.0,0,拉夏贝尔
875,中信证券股份有限公司南京高楼门证券营业部,1,48.91,1,0.0,0,拉夏贝尔
876,江海证券有限公司上海仁德路证券营业部,1,0.0,0,4.8,1,拉夏贝尔
877,中国银河证券股份有限公司上海上南路证券营业部,1,0.0,0,4.8,1,拉夏贝尔
878,东北证券股份有限公司上海洪山路证券营业部,1,0.0,0,4.35,1,拉夏贝尔
879,光大证券股份有限公司温州划龙桥路证券营业部,1,4221.0,1,0.0,0,数据港
880,中国中投证券有限责任公司广州天河路证券营业部,1,2933.76,1,0.0,0,数据港
881,华泰证券股份有限公司广州环市东路证券营业部,1,914.21,1,0.0,0,数据港
882,海通证券股份有限公司成都人民西路证券营业部,2,856.74,1,493.45,1,"中科信息,数据港"
883,广发证券股份有限公司上海控江路证券营业部,1,0.0,0,483.15,1,数据港
884,招商证券股份有限公司温州新城大道证券营业部,1,0.0,0,405.06,1,数据港
885,信达证券股份有限公司大连中山路证券营业部,1,0.0,0,346.66,1,数据港
886,中国银河证券股份有限公司上海安业路证券营业部,1,0.0,0,345.83,1,数据港
887,华鑫证券有限责任公司西安群贤路证券营业部,3,1942.39,3,0.0,0,"东方市场,乐心医疗"
888,华泰证券股份有限公司太原体育路证券营业部,1,587.6,1,0.0,0,东方市场
889,华融证券股份有限公司长沙五一西路证券营业部,1,855.3,1,0.0,0,襄阳轴承
890,海通证券股份有限公司广州珠江西路证券营业部,1,668.43,1,0.0,0,襄阳轴承
891,华泰证券股份有限公司杭州解放东路证券营业部,1,0.0,0,126.61,1,襄阳轴承
892,宏信证券有限责任公司上海分公司,1,540.93,1,0.0,0,合金投资
893,长江证券股份有限公司大连西安路证券营业部,1,0.0,0,725.1,1,特力A
894,华泰证券股份有限公司广东分公司,1,0.0,0,90.5,1,襄阳轴承
895,中国银河证券股份有限公司武汉沌口宁康路证券营业部,1,0.0,0,468.46,1,特力A
896,国海证券股份有限公司上海世纪大道证券营业部,2,0.0,0,145.26,2,东方市场
897,兴业证券股份有限公司晋江泉安路证券营业部,1,0.0,0,90.5,1,襄阳轴承
898,兴业证券股份有限公司武汉公正路证券营业部,1,0.0,0,65.16,1,襄阳轴承
899,中天证券股份有限公司沈阳南六东路证券营业部,1,0.0,0,46.44,1,东方市场
900,中国银河证券股份有限公司上海共康路证券营业部,1,0.0,0,354.67,1,合金投资
901,中信证券股份有限公司桐庐迎春南路证券营业部,1,0.0,0,453.17,1,特力A
902,中国银河证券股份有限公司上海肇嘉浜路证券营业部,1,0.0,0,40.18,1,东方市场
903,第一创业证券股份有限公司佛山绿景三路证券营业部,1,0.0,0,249.21,1,合金投资
904,财通证券股份有限公司杭州金城路证券营业部,1,0.0,0,229.94,1,合金投资
905,华泰证券股份有限公司福州六一中路证券营业部,1,0.0,0,219.39,1,合金投资
906,国泰君安证券股份有限公司深圳福华三路证券营业部,1,3088.7,1,0.0,0,云铝股份
907,中信证券股份有限公司北京金融大街证券营业部,1,3042.27,1,0.0,0,云铝股份
908,英大证券有限责任公司深圳园岭三街证券营业部,1,1154.78,1,0.0,0,紫光国芯
909,光大证券股份有限公司北京月坛北街证券营业部,1,2108.72,1,0.0,0,云铝股份
910,中信证券股份有限公司湖南分公司,2,1099.92,1,1015.23,1,紫光国芯
911,东方证券股份有限公司上海闸北区中兴路证券营业部,1,0.0,0,6176.89,1,云铝股份
912,浙商证券股份有限公司三门南山路证券营业部,1,0.0,0,1516.28,1,安凯客车
913,华泰证券股份有限公司无锡苏锡路证券营业部,1,0.0,0,4604.61,1,云铝股份
914,中信证券股份有限公司杭州市心南路证券营业部,1,0.0,0,2597.14,1,紫光国芯
915,中国中投证券有限责任公司榆林长城南路证券营业部,1,0.0,0,1389.43,1,甘肃电投
916,中信证券股份有限公司北京北三环中路证券营业部,1,0.0,0,2639.44,1,云铝股份
917,财通证券股份有限公司建德严州大道证券营业部,1,0.0,0,397.05,1,甘肃电投
918,浙商证券股份有限公司嘉兴梅湾街证券营业部,1,0.0,0,312.52,1,甘肃电投
919,华泰证券股份有限公司上海徐汇区天钥桥路证券营业部,4,13675.01,3,6697.54,1,"方大炭素,新华都"
920,海通证券股份有限公司昆明东风西路证券营业部,2,0.0,0,3051.58,2,新华都
921,海通证券股份有限公司深圳分公司红岭南路证券营业部,2,0.0,0,3483.25,2,新华都
922,兴业证券股份有限公司杭州清泰街证券营业部,1,2737.32,1,0.0,0,金利科技
923,国泰君安证券股份有限公司上海银城中路证券营业部,2,1607.58,2,0.0,0,"东山精密,三超新材"
924,申万宏源证券有限公司上海长宁区双流路证券营业部,1,0.0,0,4354.64,1,东山精密
925,中信建投证券股份有限公司北京丹棱街证券营业部,1,0.0,0,2842.44,1,金利科技
926,华鑫证券有限责任公司上海淞滨路证券营业部,1,1155.18,1,0.0,0,九安医疗
927,中国银河证券股份有限公司上海恒丰路证券营业部,1,0.0,0,2530.4,1,东山精密
928,华安证券股份有限公司重庆分公司,1,0.0,0,2216.09,1,金利科技
929,长江证券股份有限公司胶州北京东路证券营业部,1,0.0,0,650.07,1,九安医疗
930,海通证券股份有限公司宁波解放北路证券营业部,1,0.0,0,598.77,1,九安医疗
931,中国国际金融股份有限公司北京建国门外大街证券营业部,2,951.3,1,1274.7,1,"英派斯,东山精密"
932,上海华信证券有限责任公司太原长治路证券营业部,1,0.0,0,337.66,1,九安医疗
933,广发证券股份有限公司西安南广济街证券营业部,1,2589.88,1,0.0,0,京威股份
934,国泰君安证券股份有限公司石家庄建华南大街证券营业部,1,0.0,0,2598.97,1,京威股份
935,信达证券股份有限公司北京裕民路证券营业部,1,0.0,0,2546.47,1,京威股份
936,中银国际证券有限责任公司青岛香港中路证券营业部,1,0.0,0,1984.47,1,京威股份
937,中信证券股份有限公司东莞东城路证券营业部,1,819.98,1,0.0,0,煌上煌
938,国信证券股份有限公司中山分公司,1,567.59,1,0.0,0,钧达股份
939,中信证券股份有限公司南京庐山路证券营业部,1,313.39,1,0.0,0,美格智能
940,财富证券有限责任公司长兴道园路证券营业部,1,514.83,1,0.0,0,钧达股份
941,平安证券股份有限公司深圳商报路天健创业大厦证券营业部,1,0.0,0,495.52,1,煌上煌
942,中国中投证券有限责任公司北京朝阳路证券营业部,1,0.0,0,245.78,1,钧达股份
943,方正证券股份有限公司扬州新城河路证券营业部,1,0.0,0,434.67,1,煌上煌
944,申万宏源西部证券有限公司盐城解放南路证券营业部,1,0.0,0,232.68,1,钧达股份
945,财富证券有限责任公司长沙曙光中路证券营业部,1,378.39,1,0.0,0,沃特股份
946,国海证券股份有限公司重庆建新西路证券营业部,1,335.6,1,0.0,0,沃特股份
947,华福证券有限责任公司长乐吴航路证券营业部,1,259.81,1,0.0,0,沃特股份
948,中信证券股份有限公司义乌城中中路证券营业部,1,193.57,1,0.0,0,沃特股份
949,中国银河证券股份有限公司北京望京证券营业部,2,0.0,0,818.08,2,"沃特股份,三超新材"
950,国泰君安证券股份有限公司兰州酒泉路证券营业部,1,0.0,0,433.04,1,沃特股份
951,中信建投证券股份有限公司广州番禺国泰路证券营业部,1,0.0,0,350.73,1,沃特股份
952,中信证券股份有限公司广州花城广场证券营业部,1,0.0,0,273.4,1,沃特股份
953,国海证券股份有限公司南宁燕敦路证券营业部,1,0.0,0,226.47,1,沃特股份
954,华泰证券股份有限公司南京江宁金箔路证券营业部,1,1070.62,1,0.0,0,川恒股份
955,中国银河证券股份有限公司南京江宁竹山路证券营业部,1,896.92,1,0.0,0,川恒股份
956,信达证券股份有限公司青岛麦岛路证券营业部,1,502.1,1,0.0,0,川恒股份
957,华安证券股份有限公司铜陵淮河路证券营业部,1,482.95,1,0.0,0,川恒股份
958,华安证券股份有限公司蚌埠分公司,1,0.0,0,1144.88,1,川恒股份
959,国元证券股份有限公司池州青阳路证券营业部,1,0.0,0,848.96,1,川恒股份
960,国信证券股份有限公司海南分公司,1,0.0,0,640.35,1,川恒股份
961,东莞证券股份有限公司南京分公司,1,0.0,0,512.53,1,川恒股份
962,广发证券股份有限公司汕头潮南峡山证券营业部,1,986.25,1,0.0,0,华通热力
963,长江证券股份有限公司成都天府大道证券营业部,1,0.0,0,283.35,1,英派斯
964,中信证券股份有限公司杭州延安路证券营业部,2,0.0,0,1626.67,2,"华通热力,索通发展"
965,万联证券股份有限公司广州增城荔乡路证券营业部,1,334.61,1,0.0,0,大博医疗
966,方正证券股份有限公司合肥黄山路证券营业部,1,152.24,1,0.0,0,大博医疗
967,国泰君安证券股份有限公司南昌站前路证券营业部,1,0.0,0,6.1,1,大博医疗
968,东海证券股份有限公司上海虹口区中山北一路证券营业部,2,23.19,2,0.0,0,"铭普光磁,阿石创"
969,招商证券股份有限公司深圳后海证券营业部,1,8.94,1,0.0,0,铭普光磁
970,中信证券股份有限公司天津大港证券交易营业部,1,0.0,0,1.5,1,铭普光磁
971,东莞证券股份有限公司东莞南城分公司,1,0.0,0,1.35,1,铭普光磁
972,东莞证券股份有限公司东莞运河西路证券营业部,1,0.0,0,1.35,1,铭普光磁
973,广州证券股份有限公司广州中山八路证券营业部,1,0.0,0,1.35,1,铭普光磁
974,申万宏源证券有限公司上海浦东新区云台路证券营业部,1,0.0,0,1337.91,1,西部牧业
975,世纪证券有限责任公司北京平安大街证券营业部,1,0.0,0,574.78,1,西部牧业
976,联讯证券股份有限公司广州分公司,1,0.0,0,552.83,1,西部牧业
977,中国银河证券股份有限公司广州环市东路证券营业部,1,0.0,0,474.34,1,西部牧业
978,广发证券股份有限公司文昌谷鸿大道证券营业部,1,504.7,1,0.0,0,和顺电气
979,兴业证券股份有限公司南昌青山南路证券营业部,1,442.67,1,0.0,0,和顺电气
980,招商证券股份有限公司临沂北园路证券营业部,2,425.85,1,427.96,1,和顺电气
981,中信证券（山东）有限责任公司淄博美食街证券营业部,1,0.0,0,822.45,1,和顺电气
982,国盛证券有限责任公司郑州商务内环路证券营业部,1,0.0,0,283.01,1,和顺电气
983,中国民族证券有限责任公司哈尔滨东大直街证券营业部,1,4202.46,1,0.0,0,科恒股份
984,华鑫证券有限责任公司北京平安大街证券营业部,2,1325.23,1,1401.91,1,京天利
985,申万宏源证券有限公司九江九瑞大道证券营业部,1,0.0,0,661.93,1,京天利
986,申万宏源证券有限公司上海黄浦区广东路证券营业部,1,0.0,0,505.56,1,京天利
987,兴业证券股份有限公司温州分公司,1,0.0,0,554.56,1,红相电力
988,平安证券股份有限公司江苏分公司,1,0.0,0,401.19,1,红相电力
989,国海证券股份有限公司深圳宝安裕安路证券营业部,1,324.1,1,0.0,0,科大国创
990,大同证券有限责任公司安阳人民大道证券营业部,1,234.82,1,0.0,0,科大国创
991,财通证券股份有限公司绍兴凤林西路证券营业部,1,0.0,0,856.27,1,科大国创
992,中国银河证券股份有限公司北京陶然桥证券营业部,2,579.14,1,467.03,1,"中科信息,科大国创"
993,上海证券有限责任公司商城路证券营业部,1,0.0,0,399.56,1,科大国创
994,兴业证券股份有限公司成都航空路证券营业部,1,615.52,1,0.0,0,爱司凯
995,华泰证券股份有限公司南通环城西路证券营业部,1,462.17,1,0.0,0,爱司凯
996,长城证券股份有限公司晋中安宁街证券营业部,1,0.0,0,578.44,1,爱司凯
997,广发证券股份有限公司西安金花北路证券营业部,1,0.0,0,145.2,1,爱司凯
998,浙商证券股份有限公司缙云溪滨北路证券营业部,1,0.0,0,114.69,1,爱司凯
999,东北证券股份有限公司福州五一中路证券营业部,1,375.67,1,0.0,0,三超新材
1000,华泰证券股份有限公司上海国宾路证券营业部,2,366.31,1,303.27,1,"三超新材,英飞特"
1001,海通证券股份有限公司上海崮山路证券营业部,2,727.83,2,0.0,0,"英飞特,三超新材"
1002,安信证券股份有限公司唐山大里北路证券营业部,1,286.5,1,0.0,0,三超新材
1003,长江证券股份有限公司东营北一路证券营业部,2,587.52,1,264.44,1,"英科医疗,三超新材"
1004,华泰证券股份有限公司上海浦东新区妙境路证券营业部,2,1910.33,1,2104.35,1,丝路视觉
1005,中信证券股份有限公司福建分公司,1,0.0,0,354.55,1,乐心医疗
1006,安信证券股份有限公司上海杨高南路证券营业部,1,0.0,0,332.74,1,乐心医疗
1007,中信证券（山东）有限责任公司平度人民路证券营业部,1,0.0,0,312.95,1,乐心医疗
1008,东吴证券股份有限公司昆山前进中路证券营业部,1,0.0,0,248.36,1,乐心医疗
1009,中信证券股份有限公司宜春高士路证券营业部,1,0.0,0,705.34,1,丝路视觉
1010,国信证券股份有限公司无锡梁溪路证券营业部,1,524.4,1,0.0,0,英飞特
1011,安信证券股份有限公司汕头金砂路第一证券营业部,1,0.0,0,249.95,1,英飞特
1012,国泰君安证券股份有限公司上海牡丹江路证券营业部,1,706.46,1,0.0,0,奥联电子
1013,中国中投证券有限责任公司南昌叠山路证券营业部,1,0.0,0,747.66,1,奥联电子
1014,广发证券股份有限公司上海民生路证券营业部,1,777.82,1,0.0,0,富瀚微
1015,国泰君安证券股份有限公司宜春中山中路证券营业部,1,497.06,1,0.0,0,富瀚微
1016,招商证券股份有限公司武汉中北路证券营业部,1,0.0,0,2532.84,1,开立医疗
1017,中信建投证券股份有限公司烟台青年路证券营业部,1,0.0,0,1121.39,1,开立医疗
1018,方正证券股份有限公司北京回龙观西大街证券营业部,1,33.01,1,0.0,0,世纪天鸿
1019,联储证券有限责任公司上海川沙路证券营业部,1,28.72,1,0.0,0,世纪天鸿
1020,中信证券股份有限公司三明新市北路证券营业部,1,0.0,0,1.88,1,世纪天鸿
1021,中信证券（山东）有限责任公司龙口南山路证券营业部,1,0.0,0,1240.21,1,杭州园林
1022,华安证券股份有限公司深圳海岸城证券营业部,1,1592.43,1,0.0,0,英科医疗
1023,五矿证券交易单元(390132),1,547.15,1,0.0,0,英科医疗
1024,中原证券股份有限公司洛阳分公司,1,0.0,0,627.63,1,英科医疗
1025,中信证券（山东）有限责任公司胶州湖州路证券营业部,1,0.0,0,622.81,1,英科医疗
1026,光大证券股份有限公司南宁桃源路证券营业部,1,1071.76,1,0.0,0,中科信息
1027,东海证券股份有限公司溧阳育华路证券营业部,1,829.25,1,0.0,0,中科信息
1028,信达证券股份有限公司沈阳黑龙江街证券营业部,1,15.27,1,0.0,0,阿石创
1029,光大证券股份有限公司丹阳中新路证券营业部,1,778.11,1,0.0,0,森霸股份
1030,上海证券有限责任公司乐清旭阳路证券营业部,1,0.0,0,1350.12,1,中科信息
1031,财达证券股份有限公司唐山国防道证券营业部,1,0.0,0,1.27,1,阿石创
1032,长城证券股份有限公司南京童卫路证券营业部,1,0.0,0,1.27,1,阿石创
1033,长城证券股份有限公司武汉云林街证券营业部,1,0.0,0,1.27,1,阿石创
1034,光大证券股份有限公司宁波康庄南路证券营业部,1,483.07,1,0.0,0,森霸股份
1035,长江证券股份有限公司武汉友谊大道证券营业部,1,0.0,0,1.27,1,阿石创
1036,国泰君安证券股份有限公司哈尔滨安隆街证券营业部,1,0.0,0,1.27,1,阿石创
1037,海通证券股份有限公司沈阳大西路证券营业部,1,281.13,1,0.0,0,拉夏贝尔
1038,东方证券股份有限公司客户资产管理部,2,0.0,0,12.48,2,"辰欣药业,拉夏贝尔"
1039,国泰君安证券股份有限公司上海九江路证券营业部,1,0.0,0,3.54,1,拉夏贝尔
1040,广发证券股份有限公司深圳新安二路证券营业部,1,761.73,1,0.0,0,原尚股份
1041,海通证券股份有限公司深圳华富路营业部,3,1819.3,3,0.0,0,"当代明诚,原尚股份,国芳集团"
1042,财富证券有限责任公司深圳彩田路证券营业部,1,1011.23,1,0.0,0,索通发展
1043,申万宏源证券有限公司靖江人民中路证券营业部,1,504.03,1,0.0,0,索通发展
1044,中信证券股份有限公司北京国贸证券营业部,1,0.0,0,657.8,1,当代明诚
1045,东方证券股份有限公司上海松江区沪亭北路证券营业部,1,0.0,0,522.87,1,当代明诚
1046,天风证券股份有限公司荆门军马场一路证券营业部,1,3704.7,1,0.0,0,方大炭素
1047,平安证券股份有限公司佛山季华四路证券营业部,1,0.0,0,379.0,1,当代明诚
1048,国海证券股份有限公司北京和平街证券营业部,1,475.36,1,0.0,0,建研院
1049,中信建投证券股份有限公司吉林解放东路证券营业部,1,459.32,1,0.0,0,建研院
1050,联储证券有限责任公司郑州文化路证券营业部,1,453.41,1,0.0,0,建研院
1051,广发证券股份有限公司杭州密渡桥路证券营业部,1,0.0,0,5894.84,1,方大炭素
1052,联讯证券股份有限公司沈阳大西路证券营业部,1,980.52,1,0.0,0,中通国脉
1053,东吴证券股份有限公司苏州工业园区敦煌路证券营业部,1,863.02,1,0.0,0,中通国脉
1054,华鑫证券有限责任公司上海茅台路证券营业部,1,102.14,1,0.0,0,辰欣药业
1055,方正证券股份有限公司南昌南京西路证券营业部,1,25.89,1,0.0,0,辰欣药业
1056,湘财证券股份有限公司台州祥和路证券营业部,1,0.0,0,847.53,1,中通国脉
1057,万联证券股份有限公司广州珠江新城证券营业部,1,0.0,0,725.45,1,中通国脉
1058,长城证券股份有限公司深圳福华三路证券营业部,1,0.0,0,2.24,1,辰欣药业
1059,国联证券股份有限公司宜兴人民南路证券营业部,1,2976.35,1,0.0,0,恒银金融
1060,安信证券股份有限公司大连中山路证券营业部,1,0.0,0,2.24,1,辰欣药业
1061,方正证券股份有限公司娄底南贸西街证券营业部,1,0.0,0,0.61,1,国芳集团
1062,东海证券股份有限公司宁波大闸路证券营业部,1,2316.21,1,0.0,0,恒银金融
1063,华泰证券股份有限公司永嘉阳光大道证券营业部,1,2271.71,1,0.0,0,恒银金融
1064,东莞证券股份有限公司东莞凤岗证券营业部,1,0.0,0,1305.48,1,韦尔股份
